file,line,category,context,jp_text,en_hint
statable\global_defs.py,1,H,string,グローバル変数・イベントフラグ・割り込み処理・デバイスリソース・タイマ設定・ユーザー定義型のデータモデル,event / settings / definition / variable / flag / interrupt / timer / type / user
statable\global_defs.py,9,H,string,構造体メンバ定義,definition
statable\global_defs.py,24,H,string,メンバ,
statable\global_defs.py,29,H,string,ユーザー定義型（構造体など）,definition / type / user
statable\global_defs.py,37,H,string,型,type
statable\global_defs.py,42,H,string,システム全体で共有するグローバル変数,variable / system
statable\global_defs.py,57,H,string,変数,variable
statable\global_defs.py,62,H,string,ビットフィールドで扱うイベントフラグ,event / flag
statable\global_defs.py,72,H,string,フラグ,flag
statable\global_defs.py,83,H,string,割り込み処理内の条件付きアクション,interrupt / condition / action
statable\global_defs.py,90,H,other,割り込み処理定義,definition / interrupt
statable\global_defs.py,92,H,other,使用ロール関数の リスト（自動抽出）,role function / function
statable\global_defs.py,93,H,other,例,
statable\global_defs.py,94,H,other,の 保存時に更新,
statable\global_defs.py,95,H,other,生成コードのコメントにも使用,
statable\global_defs.py,97,H,other,使用グローバル変数名のリスト（自動抽出）,variable
statable\global_defs.py,98,H,other,例,
statable\global_defs.py,106,H,comment,追加 使用記録,
statable\global_defs.py,112,H,string,割り込み,interrupt
statable\global_defs.py,117,H,string,デバイスリソース仮定義,definition
statable\global_defs.py,124,H,string,デバイス,
statable\global_defs.py,129,H,string,派生タイマ変数定義,definition / variable / timer
statable\global_defs.py,138,H,string,タイマ,timer
statable\global_defs.py,143,H,string,タイマ刻み変数定義,definition / variable / timer
statable\global_defs.py,153,H,string,タイマ基準,timer
statable\global_defs.py,158,H,string,イベントキュー定義,event / definition / queue
statable\global_defs.py,171,H,string,キュー,queue
statable\global_defs.py,175,H,string,グローバル変数・イベントフラグ・割り込み処理・デバイスリソース・タイマ設定・イベントキュー・ユーザー定義型の管理クラス,event / settings / definition / variable / flag / interrupt / timer / queue / type / user
statable\global_defs.py,188,H,other,タイマ基準変数・派生タイマ変数をグローバル変数として登録する,variable / timer
statable\global_defs.py,190,H,other,既存変数（ 読込 編集済）は を保持,variable
statable\global_defs.py,191,H,other,のみタイマ定義側と同期,definition / timer
statable\global_defs.py,192,H,other,存在しない変数のみ新規追加,variable
statable\global_defs.py,194,H,other,これにより で が保存される,
statable\global_defs.py,202,H,comment,タイマ定義を正とする（型・単位）,definition / timer / type
statable\global_defs.py,205,H,comment,は既存を尊重 空なら既定値,
statable\global_defs.py,210,H,comment,グループが未設定なら補完,settings
statable\global_defs.py,226,H,comment,基準タイマ変数,variable / timer
statable\global_defs.py,233,H,string,タイマ基準変数,variable / timer
statable\global_defs.py,234,H,string,タイマ基準,timer
statable\global_defs.py,236,H,comment,派生タイマ変数,variable / timer
statable\global_defs.py,244,H,string,派生タイマ変数（ ）,variable / timer
statable\global_defs.py,245,H,string,タイマ,timer
statable\global_defs.py,248,H,comment,グループ名の取得,
statable\mermaid_gen.py,5,H,comment,ラベル用サニタイズ（ 追加）,
statable\mermaid_gen.py,8,H,comment,のラベルで問題になる文字と代替,
statable\mermaid_gen.py,10,H,comment,状態遷移ラベルの区切り文字と誤認される,state / transition
statable\mermaid_gen.py,11,H,comment,例,
statable\mermaid_gen.py,12,H,comment,タイトル内の でパースエラー,error / title
statable\mermaid_gen.py,15,H,comment,条件ブロック記法と競合する可能性,condition
statable\mermaid_gen.py,16,H,comment,二重の が混ざるとパース失敗,failure
statable\mermaid_gen.py,18,H,comment,引用符がラベル全体の終端と誤認される,
statable\mermaid_gen.py,20,H,comment,ラベルは 行のみ有効 空白に正規化,
statable\mermaid_gen.py,22,H,comment,コードブロックと誤認される可能性,
statable\mermaid_gen.py,25,H,string,： コロン 全角コロン,
statable\mermaid_gen.py,26,H,string,［ 開き角括弧 全角,
statable\mermaid_gen.py,27,H,string,］ 閉じ角括弧 全角,
statable\mermaid_gen.py,28,H,other,ダブルクォート シングル,
statable\mermaid_gen.py,29,H,other,バッククォート シングル,
statable\mermaid_gen.py,30,H,other,改行 空白,
statable\mermaid_gen.py,37,H,other,のラベル文字列を安全化する,
statable\mermaid_gen.py,39,H,other,ユーザー入力のタイトル・イベント名・条件式に,event / title / condition / user
statable\mermaid_gen.py,40,H,other,のメタ文字が含まれていても パースエラーを,error
statable\mermaid_gen.py,41,H,other,起こさないように置換する,
statable\mermaid_gen.py,43,H,other,例,
statable\mermaid_gen.py,45,H,string,：,
statable\mermaid_gen.py,51,H,comment,連続空白を単一に正規化,
statable\mermaid_gen.py,57,H,string,長い状態遷移条件を省略表示する（改行は先頭行のみ）,state / transition / condition
statable\mermaid_gen.py,61,H,comment,改行がある場合は先頭行だけ使用,
statable\mermaid_gen.py,69,H,comment,行目以降があれば省略記号を付与,
statable\mermaid_gen.py,77,H,other,から 形式の文字列を生成する,
statable\mermaid_gen.py,79,H,other,ラベル（タイトル イベント名 条件式）はすべて,event / title / condition
statable\mermaid_gen.py,80,H,other,で正規化してパースエラーを防止する,error
statable\mermaid_gen.py,90,H,comment,タイトル（無題遷移以外）,transition / title
statable\mermaid_gen.py,93,H,string,無題遷移,transition
statable\mermaid_gen.py,96,H,comment,タイトルなし 遷移先を表示,transition / title
statable\mermaid_gen.py,100,H,string,内部,
statable\mermaid_gen.py,102,H,comment,イベント名,event
statable\mermaid_gen.py,108,H,comment,ガード条件（短縮 サニタイズ）,condition / guard
statable\mermaid_gen.py,116,H,comment,ラベル結合,
statable\mermaid_gen.py,119,H,comment,遷移行を出力,transition
statable\model.py,24,H,string,イベントの配送方法,event
statable\model.py,31,H,string,イベントの発生源レイヤ,event / layer
statable\model.py,49,H,string,状態遷移イベント（ドライバ層・ミドル層から通知される）,state / event / transition / layer / driver
statable\model.py,64,H,string,イベント イベント （完了）,event / completed
statable\model.py,70,H,other,状態遷移定義,state / transition / definition
statable\model.py,72,H,other,変更 化,
statable\model.py,73,H,other,位置引数によるフィールド順序ずれ事故（ ）を,argument
statable\model.py,74,H,other,構造的に防止するため 引数のみ受け付ける,argument
statable\model.py,76,H,other,旧 位置引数（危険）,argument
statable\model.py,77,H,other,新 のみ,
statable\model.py,79,H,other,で,
statable\model.py,80,H,other,の全 箇所が 済みであることを 監査で確認済み,
statable\model.py,82,H,other,既知の制約 は予約フィールド,
statable\model.py,83,H,other,通常遷移（既定値 実装済み）,transition
statable\model.py,84,H,other,状態を出ず のみ実行（ 未実装・予約 ）,state / execute
statable\model.py,85,H,other,自己遷移（ 未実装・予約 ）,transition
statable\model.py,87,H,other,時点で は未実装 生成コード,
statable\model.py,88,H,other,（ ）は を参照せず,
statable\model.py,89,H,other,常に 相当（ へ遷移）として扱う,transition
statable\model.py,91,H,other,影響,
statable\model.py,92,H,other,（ ）に遷移種別列は表示されない,transition
statable\model.py,93,H,other,生成コードで 呼び分けは行われない,
statable\model.py,94,H,other,保存 読込では値が保持される（ は維持）,
statable\model.py,96,H,other,予約理由,
statable\model.py,97,H,other,呼び出し制御は,
statable\model.py,98,H,other,（ テンプレート群）に広く影響するため,
statable\model.py,99,H,other,では仕様を凍結し で段階的に実装する,
statable\model.py,101,H,other,参照 （一貫性チェック検出）,
statable\model.py,105,H,other,条件式（シンボル名で保持）,condition
statable\model.py,106,H,other,遷移直前処理,transition
statable\model.py,110,H,other,アクション,action
statable\model.py,111,H,other,旧フィールド（互換用・未使用）,
statable\model.py,112,H,other,予約フィールド（上記 参照）,
statable\model.py,117,H,string,無題遷移,transition
statable\model.py,123,H,other,ロール関数（状態遷移条件・動作をまとめて実装する関数）,state / transition / role function / condition / function
statable\model.py,125,H,other,変更 化,
statable\model.py,126,H,other,位置引数によるフィールド順序ずれ事故（ ）を,argument
statable\model.py,127,H,other,構造的に防止するため 引数のみ受け付ける,argument
statable\model.py,129,H,other,旧 位置引数（危険）,argument
statable\model.py,130,H,other,新 のみ,
statable\model.py,132,H,other,層名や機能グループ名（例 ）,layer
statable\model.py,133,H,other,のように参照可能,
statable\model.py,134,H,other,空文字の場合は層なし扱い,layer
statable\model.py,136,H,other,純粋名（例 ）,
statable\model.py,137,H,string,名前空間（例 ）,namespace
statable\model.py,148,H,string,ロール関数,role function / function
statable\model.py,152,H,string,表示・ 参照用 または,
statable\model.py,161,H,other,旧形式,
statable\model.py,162,H,other,レイヤ名リストに該当がなければ,layer
statable\parser.py,3,H,other,パーサー（未実装スタブ）,
statable\parser.py,6,H,other,現状は未実装のスタブ,
statable\parser.py,7,H,other,の入出力は が担当している,
statable\parser.py,9,H,other,将来実装予定,
statable\parser.py,10,H,other,読み込み,
statable\parser.py,11,H,other,等を使用して状態遷移表を取り込む,state / transition
statable\parser.py,12,H,other,読み込み,
statable\parser.py,13,H,other,状態 イベントのマトリクス形式を想定,state / event
statable\parser.py,14,H,other,読み込み,
statable\parser.py,15,H,other,外部ツール連携用の汎用フォーマット,
statable\parser.py,17,H,other,注意,
statable\parser.py,18,H,other,このモジュールは現時点で呼び出し元が存在しない,
statable\parser.py,19,H,other,実装する際は の,
statable\parser.py,20,H,other,に変換すること,
statable\parser.py,21,H,other,既存の と同じインターフェース,
statable\parser.py,22,H,other,（ 相当）を目指すのが望ましい,
statable\parser.py,24,H,other,実装しない場合,
statable\parser.py,25,H,other,このファイル自体を削除しても問題ない,
statable\parser.py,26,H,other,呼び出し元がないため 削除しても影響はない,
statable\parser.py,30,H,comment,未実装マーカー,marker
statable\parser.py,32,H,comment,以下は将来実装する予定のプレースホルダ,
statable\parser.py,33,H,comment,実装するまでは呼び出さないこと,
statable\parser.py,35,H,other,公開 なし（未実装のため）,
statable\parser.py,39,H,string,の機能が未実装であることを示す例外,
statable\parser.py,45,H,other,ファイルから状態遷移データを読み込む（未実装）,state / transition
statable\parser.py,48,H,other,読み込む ファイルパス,
statable\parser.py,51,H,other,常に送出（未実装のため）,
statable\parser.py,54,H,string,は未実装です,
statable\parser.py,55,H,string,現状は を使用してください,
statable\parser.py,61,H,other,ファイルから状態遷移データを読み込む（未実装）,state / transition
statable\parser.py,64,H,other,読み込む ファイルパス,
statable\parser.py,67,H,other,常に送出（未実装のため）,
statable\parser.py,70,H,string,は未実装です,
statable\parser.py,71,H,string,現状は を使用してください,
statable\parser.py,77,H,other,ファイルから状態遷移データを読み込む（未実装）,state / transition
statable\parser.py,80,H,other,読み込む ファイルパス,
statable\parser.py,83,H,other,常に送出（未実装のため）,
statable\parser.py,86,H,string,は未実装です,
statable\parser.py,87,H,string,現状は を使用してください,
statable\sample_data.py,1,F,string,サンプルデータ生成（ビジネスロジック層）,layer
statable\sample_data.py,19,F,string,初期状態,state
statable\sample_data.py,20,F,string,動作中,running
statable\sample_data.py,21,F,string,エラー状態,state / error
statable\sample_data.py,22,F,string,停止状態,state / stop
statable\sample_data.py,24,F,string,起動要求,start
statable\sample_data.py,27,F,string,起動要求,start
statable\sample_data.py,28,F,string,停止要求,stop
statable\sample_data.py,31,F,string,停止要求,stop
statable\sample_data.py,32,F,string,エラー通知,error
statable\sample_data.py,36,F,string,エラー通知,error
statable\sample_data.py,37,F,string,タイマ満了,timer
statable\sample_data.py,40,F,string,タイマ満了,timer
statable\sample_data.py,41,F,string,完了遷移,transition / completed
statable\sample_data.py,44,F,string,完了遷移,transition / completed
statable\sample_data.py,49,F,comment,修正 位置引数バグの根本修正（ ）,argument
statable\sample_data.py,57,F,string,起動,start
statable\sample_data.py,65,F,string,停止,stop
statable\sample_data.py,73,F,string,エラーへ,error
statable\sample_data.py,81,F,string,リトライ,retry
statable\sample_data.py,89,F,string,停止へ,stop
statable\sample_data.py,97,F,string,無視,ignore
statable\sample_data.py,103,F,string,センサ初期化,initialization
statable\sample_data.py,109,F,string,センサ初期化,initialization
statable\sample_data.py,114,F,string,エラーログ出力,error
statable\sample_data.py,120,F,string,エラーログ出力,error
statable\sample_data.py,129,F,comment,ユーザー定義型（構造体＋ビットフィールド＋配列）,definition / type / user
statable\sample_data.py,132,F,string,システムステータス構造体,system
statable\sample_data.py,133,F,string,システムステータス,system
statable\sample_data.py,136,F,string,電源 フラグ 電源,flag
statable\sample_data.py,138,F,string,モード モード,
statable\sample_data.py,140,F,string,ステータス ステータス,
statable\sample_data.py,146,F,string,データパケット構造体,
statable\sample_data.py,147,F,string,データパケット,
statable\sample_data.py,150,F,string,データ配列 データ配列,
statable\sample_data.py,153,F,string,データ長 データ長,
statable\sample_data.py,157,F,comment,グローバル変数（配列対応）,variable
statable\sample_data.py,160,F,string,バッテリ電圧 バッテリ電圧,
statable\sample_data.py,163,F,string,受信データバッファ 受信バッファ,
statable\sample_data.py,166,F,string,システムステータス,system
statable\sample_data.py,167,F,string,システムステータス,system
statable\sample_data.py,170,F,string,起動要求,start
statable\sample_data.py,171,F,string,起動要求フラグ,start / flag
statable\sample_data.py,173,F,string,モード指示,
statable\sample_data.py,174,F,string,モード指示フラグ,flag
statable\sample_data.py,177,F,string,周期タイマ,timer
statable\sample_data.py,183,F,string,タイマ 割り込み,interrupt / timer
statable\sample_data.py,187,F,string,タイマ 割り込みフラグクリア用レジスタ,flag / interrupt / timer
statable\sample_data.py,188,F,string,タイマ フラグ,flag / timer
statable\sample_data.py,194,F,string,タイマ,timer
statable\sample_data.py,196,F,string,タイマ,timer
statable\sample_data.py,198,F,string,タイマ,timer
statable\sample_data.py,200,F,string,システムタイマ基準,timer / system
statable\sample_data.py,208,F,string,高速 タイマ,timer
statable\sample_data.py,210,F,string,高速タイマ基準,timer
statable\sample_data.py,218,F,string,受信キュー 受信キュー,queue
statable\sample_data.py,221,F,comment,タイマ変数をグローバル変数として自動登録,variable / timer
statable\state_machine.py,14,H,comment,レイヤ設定,settings / layer
statable\state_machine.py,15,H,other,実行優先度（ ）,execute / priority
statable\state_machine.py,16,H,other,層の説明（任意）,description / layer
statable\state_machine.py,17,H,string,層名（例 ）,layer
statable\xml_io.py,3,H,other,入出力（プロジェクト設定・レイヤ優先度・層名・名前空間対応版）,settings / namespace / layer / priority / layer
statable\xml_io.py,4,H,other,プロジェクト保存 読込で共有ライブラリを保存,
statable\xml_io.py,5,H,other,の も保存,
statable\xml_io.py,6,H,other,文字列 リスト正規化 文字分解の自動結合,
statable\xml_io.py,7,H,other,レイヤ優先度・説明・層名（ ）・プロジェクト名の保存 復元,description / layer / priority / layer
statable\xml_io.py,8,H,other,の 保存 復元,
statable\xml_io.py,9,H,other,の 保存 復元,
statable\xml_io.py,10,H,other,レガシー （ 無し）の自動移行,
statable\xml_io.py,31,H,comment,共有ライブラリ（インポート失敗時は ）,failure
statable\xml_io.py,40,H,comment,ヘルパー 文字列 リストの正規化,
statable\xml_io.py,44,H,other,を必ず に正規化する,
statable\xml_io.py,48,H,other,文字リスト 旧バージョンの壊れたデータ救済,
statable\xml_io.py,56,H,comment,文字ずつに分解された古いデータを検出して結合,
statable\xml_io.py,61,H,comment,通常のリスト,
statable\xml_io.py,79,H,comment,レイヤ設定,settings / layer
statable\xml_io.py,117,H,comment,に 属性を追加,
statable\xml_io.py,135,H,comment,正規化 文字列や分解済みリストを必ず正しいリストに変換,
statable\xml_io.py,169,H,comment,レイヤ設定,settings / layer
statable\xml_io.py,218,H,comment,読込 レガシー移行,
statable\xml_io.py,225,H,comment,レガシー移行 未設定 が層名プレフィックス付き,settings / layer
statable\xml_io.py,255,H,comment,生のリストを取得,
statable\xml_io.py,259,H,comment,正規化（ 文字分解されていれば結合）,
statable\xml_io.py,375,H,comment,対応,
statable\xml_io.py,389,H,comment,使用ロール関数・変数を記録,role function / variable / function
statable\xml_io.py,484,H,comment,復元,
statable\xml_io.py,494,H,comment,使用ロール関数・変数を復元,role function / variable / function
statable\xml_io.py,559,H,comment,共有ライブラリ,
statable\xml_io.py,584,H,other,は のみ受け付けるため,
statable\xml_io.py,585,H,other,それ以外の属性は で確認してから する,
statable\xml_io.py,595,H,comment,が受け付ける引数のみで生成,argument
statable\xml_io.py,596,H,comment,は 引数として追加,argument
statable\xml_io.py,605,H,comment,旧バージョン互換（ 未対応）,
statable\xml_io.py,613,H,comment,追加属性は存在する場合のみ設定,settings
statable\xml_io.py,691,H,comment,プロジェクト設定,settings
statable\xml_io.py,694,H,string,プロジェクト設定を 要素に変換,settings
statable\xml_io.py,716,H,comment,外部インクルード,
statable\xml_io.py,736,H,string,要素からプロジェクト設定を復元,settings
statable\xml_io.py,778,H,comment,プロジェクト保存 読込,
statable\xml_io.py,789,H,string,（共有ライブラリ プロジェクト設定含む）,settings
statable\xml_io.py,794,H,comment,プロジェクト設定,settings
statable\xml_io.py,842,H,comment,プロジェクト設定,settings
statable\xml_io.py,853,H,comment,共有ライブラリを読込,
statable\__init__.py,3,H,other,データモデル層,layer
statable\__init__.py,5,H,other,主要クラスを再エクスポートし 外部からの利用を簡便にする,
statable\__init__.py,7,H,other,追加,
statable\__init__.py,8,H,other,循環インポート回避のため 依存の軽いモジュールのみ再エクスポート,
statable\__init__.py,9,H,other,は意図的に除外,
statable\__init__.py,10,H,other,（これらは重い依存を持ち 循環参照の原因になるため）,
statable\__init__.py,13,H,comment,（依存なし） 最初にロードすべき,
statable\__init__.py,25,H,comment,（ に依存）,
statable\__init__.py,28,H,comment,（依存なし）,
statable_gui\action_edit_dialog.py,18,B,string,遷移の動作を編集するダイアログ（ 挿入対応）,transition
statable_gui\action_edit_dialog.py,23,B,string,動作編集,
statable_gui\action_edit_dialog.py,41,B,string,ロール関数,role function / function
statable_gui\action_edit_dialog.py,45,B,string,挿入,
statable_gui\action_edit_dialog.py,48,B,string,新規ロール関数,role function / function
statable_gui\action_edit_dialog.py,70,B,string,動作コード,
statable_gui\action_edit_dialog.py,104,B,comment,を優先表示,
statable_gui\action_edit_dialog.py,116,B,comment,変更 を使用,
statable_gui\action_edit_dialog.py,119,B,other,ロール関数を動作欄に挿入,role function / function
statable_gui\action_edit_dialog.py,121,B,other,あり の参照形式（引数なし）,argument
statable_gui\action_edit_dialog.py,122,B,other,なし 旧形式 を維持,
statable_gui\action_edit_dialog.py,135,B,comment,形式 参照のみ挿入,
statable_gui\action_edit_dialog.py,138,B,comment,旧形式 引数付き呼び出しを維持,argument
statable_gui\action_edit_dialog.py,151,B,string,警告 同名のロール関数が既に存在します,role function / function / warning
statable_gui\action_edit_dialog.py,165,B,string,をグローバル変数として登録,variable
statable_gui\action_edit_dialog.py,166,B,string,をイベントフラグとして登録,event / flag
statable_gui\action_edit_dialog.py,203,B,string,無題動作,
statable_gui\code_generation_dialog.py,3,B,other,コード生成ダイアログ（ 対応・複数層対応版）,layer
statable_gui\code_generation_dialog.py,21,B,comment,パス設定,settings
statable_gui\code_generation_dialog.py,47,B,comment,設定ダイアログをインポート,settings
statable_gui\code_generation_dialog.py,59,B,comment,デフォルト設定ファイルパス,settings
statable_gui\code_generation_dialog.py,67,B,comment,警告収集クラス,warning
statable_gui\code_generation_dialog.py,71,B,other,以上のログを収集するハンドラ,
statable_gui\code_generation_dialog.py,78,B,other,処理,
statable_gui\code_generation_dialog.py,103,B,string,コード生成ダイアログ（複数層対応）,layer
statable_gui\code_generation_dialog.py,119,B,comment,複数層リスト（外部から設定）,settings / layer
statable_gui\code_generation_dialog.py,124,B,string,コード生成,
statable_gui\code_generation_dialog.py,131,B,comment,設定読み書き,settings
statable_gui\code_generation_dialog.py,151,B,string,前回の設定を読み込みました,settings
statable_gui\code_generation_dialog.py,153,B,string,設定読み込みに失敗,failure / settings
statable_gui\code_generation_dialog.py,156,B,string,現在の設定を保存,settings
statable_gui\code_generation_dialog.py,174,B,string,設定を保存しました,settings
statable_gui\code_generation_dialog.py,176,B,string,設定保存に失敗,failure / settings
statable_gui\code_generation_dialog.py,180,B,string,を構築,
statable_gui\code_generation_dialog.py,183,B,comment,設定情報グループ,settings / info
statable_gui\code_generation_dialog.py,184,B,string,生成設定情報,settings / info
statable_gui\code_generation_dialog.py,187,B,comment,出力先,
statable_gui\code_generation_dialog.py,190,B,string,出力先ディレクトリを選択,
statable_gui\code_generation_dialog.py,193,B,string,参照,
statable_gui\code_generation_dialog.py,200,B,string,出力先,
statable_gui\code_generation_dialog.py,202,B,comment,生成スタイル,
statable_gui\code_generation_dialog.py,205,B,string,テーブル駆動方式,
statable_gui\code_generation_dialog.py,207,B,string,方式,
statable_gui\code_generation_dialog.py,210,B,string,生成スタイル,
statable_gui\code_generation_dialog.py,212,B,comment,種別ラベル,
statable_gui\code_generation_dialog.py,214,B,string,種別,
statable_gui\code_generation_dialog.py,216,B,comment,マージ設定ラベル,settings
statable_gui\code_generation_dialog.py,217,B,string,有効,
statable_gui\code_generation_dialog.py,218,B,string,マージ,
statable_gui\code_generation_dialog.py,220,B,comment,詳細設定ボタン,settings
statable_gui\code_generation_dialog.py,221,B,string,詳細設定,settings
statable_gui\code_generation_dialog.py,228,B,comment,アクションボタン,action
statable_gui\code_generation_dialog.py,231,B,string,コード生成,
statable_gui\code_generation_dialog.py,236,B,string,保存,
statable_gui\code_generation_dialog.py,241,B,string,閉じる,
statable_gui\code_generation_dialog.py,247,B,comment,プレビューエリア,
statable_gui\code_generation_dialog.py,248,B,string,生成コードプレビュー,
statable_gui\code_generation_dialog.py,261,B,comment,プログレスバー,
statable_gui\code_generation_dialog.py,266,B,comment,データロード,
statable_gui\code_generation_dialog.py,268,B,string,サンプルデータが未設定の場合にロード,settings
statable_gui\code_generation_dialog.py,274,B,string,サンプルデータをロードしました,
statable_gui\code_generation_dialog.py,277,B,string,設定を に反映,settings
statable_gui\code_generation_dialog.py,290,B,string,設定情報ラベルを更新,settings / info
statable_gui\code_generation_dialog.py,292,B,string,（ベアメタル）,
statable_gui\code_generation_dialog.py,299,B,string,有効 無効,
statable_gui\code_generation_dialog.py,301,B,comment,イベントハンドラ,event
statable_gui\code_generation_dialog.py,303,B,string,出力先変更時の処理,
statable_gui\code_generation_dialog.py,308,B,string,出力先ディレクトリを選択,
statable_gui\code_generation_dialog.py,311,B,string,出力先ディレクトリを選択,
statable_gui\code_generation_dialog.py,319,B,string,スタイル変更時の処理,
statable_gui\code_generation_dialog.py,326,B,string,詳細設定ダイアログを開く,settings
statable_gui\code_generation_dialog.py,336,B,comment,警告表示,warning
statable_gui\code_generation_dialog.py,340,B,comment,重複除去（順序保持）,
statable_gui\code_generation_dialog.py,349,B,string,生成時の警告,warning
statable_gui\code_generation_dialog.py,350,B,string,以下の警告が発生しました,warning
statable_gui\code_generation_dialog.py,351,B,string,・,
statable_gui\code_generation_dialog.py,354,B,comment,コード生成,
statable_gui\code_generation_dialog.py,356,B,string,コード生成を実行,execute
statable_gui\code_generation_dialog.py,360,B,string,警告,warning
statable_gui\code_generation_dialog.py,361,B,string,ステートマシンとグローバル定義が,definition
statable_gui\code_generation_dialog.py,362,B,string,設定されていません,settings
statable_gui\code_generation_dialog.py,372,B,string,警告,warning
statable_gui\code_generation_dialog.py,373,B,string,出力先ディレクトリを設定してください,settings
statable_gui\code_generation_dialog.py,385,B,comment,警告収集ハンドラをアタッチ,warning
statable_gui\code_generation_dialog.py,391,B,comment,複数層 単層 自動判定,layer
statable_gui\code_generation_dialog.py,417,B,string,エラー,error
statable_gui\code_generation_dialog.py,418,B,string,コード生成に失敗しました,failure
statable_gui\code_generation_dialog.py,423,B,comment,プレビュー反映,
statable_gui\code_generation_dialog.py,434,B,comment,完了メッセージ,completed
statable_gui\code_generation_dialog.py,436,B,string,完了,completed
statable_gui\code_generation_dialog.py,437,B,string,ファイルを,
statable_gui\code_generation_dialog.py,438,B,string,生成しました 出力先,
statable_gui\code_generation_dialog.py,440,B,comment,警告があれば最後に表示,warning
statable_gui\code_generation_dialog.py,444,B,string,プレビューを更新,
statable_gui\code_generation_dialog.py,453,B,string,生成コードを保存,
statable_gui\code_generation_dialog.py,456,B,string,警告,warning
statable_gui\code_generation_dialog.py,457,B,string,生成されたコードがありません,
statable_gui\code_generation_dialog.py,463,B,string,警告,warning
statable_gui\code_generation_dialog.py,464,B,string,出力先ディレクトリを設定してください,settings
statable_gui\code_generation_dialog.py,481,B,string,保存完了,completed
statable_gui\code_generation_dialog.py,482,B,string,ファイルを,
statable_gui\code_generation_dialog.py,483,B,string,保存しました,
statable_gui\code_generation_dialog.py,484,B,string,出力先,
statable_gui\code_generation_dialog.py,487,B,string,エラー,error
statable_gui\code_generation_dialog.py,488,B,string,保存に失敗しました,failure
statable_gui\code_generation_dialog.py,491,B,string,閉じる時の処理,
statable_gui\code_generation_dialog.py,497,B,string,生成されたファイルを取得,
statable_gui\code_generation_dialog.py,501,B,string,現在の設定を取得,settings
statable_gui\code_generation_settings_dialog.py,3,B,other,コード生成設定ダイアログ,settings
statable_gui\code_generation_settings_dialog.py,4,B,other,基本設定 ログ設定 外部インクルード 出力設定のタブ構成,settings
statable_gui\code_generation_settings_dialog.py,5,B,other,生成方式・テーブル方式は固定（テーブル駆動 配列方式のみ）,
statable_gui\code_generation_settings_dialog.py,22,B,comment,パス設定,settings
statable_gui\code_generation_settings_dialog.py,35,B,string,コード生成設定ダイアログ,settings
statable_gui\code_generation_settings_dialog.py,42,B,string,コード生成設定,settings
statable_gui\code_generation_settings_dialog.py,49,B,string,を構築,
statable_gui\code_generation_settings_dialog.py,52,B,comment,タブウィジェット,
statable_gui\code_generation_settings_dialog.py,56,B,comment,タブ,
statable_gui\code_generation_settings_dialog.py,59,B,string,基本設定,settings
statable_gui\code_generation_settings_dialog.py,61,B,comment,ログ設定タブ,settings
statable_gui\code_generation_settings_dialog.py,64,B,string,ログ設定,settings
statable_gui\code_generation_settings_dialog.py,66,B,comment,出力設定タブ,settings
statable_gui\code_generation_settings_dialog.py,69,B,string,外部インクルード,
statable_gui\code_generation_settings_dialog.py,73,B,string,出力設定,settings
statable_gui\code_generation_settings_dialog.py,75,B,comment,ボタン,
statable_gui\code_generation_settings_dialog.py,79,B,string,リセット,
statable_gui\code_generation_settings_dialog.py,83,B,string,キャンセル,
statable_gui\code_generation_settings_dialog.py,94,B,string,基本設定タブ,settings
statable_gui\code_generation_settings_dialog.py,97,B,comment,プロジェクト名,
statable_gui\code_generation_settings_dialog.py,98,B,string,プロジェクト設定,settings
statable_gui\code_generation_settings_dialog.py,102,B,string,例,
statable_gui\code_generation_settings_dialog.py,103,B,string,生成ファイル名 に使用されます,
statable_gui\code_generation_settings_dialog.py,104,B,string,プロジェクト名,
statable_gui\code_generation_settings_dialog.py,108,B,comment,生成スタイル（固定表示）,
statable_gui\code_generation_settings_dialog.py,109,B,string,生成スタイル,
statable_gui\code_generation_settings_dialog.py,112,B,comment,生成方式 固定,
statable_gui\code_generation_settings_dialog.py,113,B,string,テーブル駆動方式（セル単位関数 関数テーブル）,function
statable_gui\code_generation_settings_dialog.py,115,B,string,生成方式,
statable_gui\code_generation_settings_dialog.py,117,B,comment,テーブル方式 固定,
statable_gui\code_generation_settings_dialog.py,118,B,string,配列方式（ 次元配列 アクセス）,
statable_gui\code_generation_settings_dialog.py,120,B,string,テーブル方式,
statable_gui\code_generation_settings_dialog.py,122,B,comment,説明,description
statable_gui\code_generation_settings_dialog.py,124,B,string,言語向けに最適化された方式で固定されています,
statable_gui\code_generation_settings_dialog.py,125,B,string,セル単位の遷移関数を生成し 関数テーブルで管理します,transition / function
statable_gui\code_generation_settings_dialog.py,130,B,comment,種別（これは意味があるので選択可能）,
statable_gui\code_generation_settings_dialog.py,132,B,string,（ベアメタル）,
statable_gui\code_generation_settings_dialog.py,135,B,string,種別,
statable_gui\code_generation_settings_dialog.py,139,B,comment,命名規則,
statable_gui\code_generation_settings_dialog.py,140,B,string,命名規則,
statable_gui\code_generation_settings_dialog.py,144,B,string,関数名のプレフィックス（任意）,function
statable_gui\code_generation_settings_dialog.py,145,B,string,プレフィックス,
statable_gui\code_generation_settings_dialog.py,148,B,string,状態プレフィックス,state
statable_gui\code_generation_settings_dialog.py,151,B,string,イベントプレフィックス,event
statable_gui\code_generation_settings_dialog.py,154,B,string,フラグプレフィックス,flag
statable_gui\code_generation_settings_dialog.py,158,B,comment,コメント設定,settings
statable_gui\code_generation_settings_dialog.py,159,B,string,コメント設定,settings
statable_gui\code_generation_settings_dialog.py,162,B,string,コメントを生成する,
statable_gui\code_generation_settings_dialog.py,165,B,string,形式のコメントを生成する,
statable_gui\code_generation_settings_dialog.py,168,B,string,ユーザーコードマーカーを生成する,marker / user
statable_gui\code_generation_settings_dialog.py,175,B,string,ログ設定タブ,settings
statable_gui\code_generation_settings_dialog.py,178,B,string,デバッグログ設定,settings / debug
statable_gui\code_generation_settings_dialog.py,181,B,string,ログを生成する,
statable_gui\code_generation_settings_dialog.py,184,B,string,ログを生成する,
statable_gui\code_generation_settings_dialog.py,187,B,string,ログを生成する,
statable_gui\code_generation_settings_dialog.py,192,B,comment,保留イベント制限,event
statable_gui\code_generation_settings_dialog.py,193,B,string,保留イベント設定,event / settings
statable_gui\code_generation_settings_dialog.py,200,B,string,保留イベントの連続処理回数の上限,event
statable_gui\code_generation_settings_dialog.py,201,B,string,この回数を超えると無限ループを防止するため処理を打ち切ります,
statable_gui\code_generation_settings_dialog.py,203,B,string,最大連続処理回数,
statable_gui\code_generation_settings_dialog.py,209,B,string,外部インクルード設定タブ,settings
statable_gui\code_generation_settings_dialog.py,212,B,comment,外部インクルードファイル,
statable_gui\code_generation_settings_dialog.py,213,B,string,外部インクルードファイル,
statable_gui\code_generation_settings_dialog.py,217,B,string,等の生成ヘッダを指定します,
statable_gui\code_generation_settings_dialog.py,218,B,string,指定したヘッダは 選択された挿入先に されます,
statable_gui\code_generation_settings_dialog.py,230,B,string,追加,
statable_gui\code_generation_settings_dialog.py,234,B,string,削除,
statable_gui\code_generation_settings_dialog.py,238,B,string,上へ,
statable_gui\code_generation_settings_dialog.py,242,B,string,下へ,
statable_gui\code_generation_settings_dialog.py,251,B,comment,挿入先,
statable_gui\code_generation_settings_dialog.py,252,B,string,挿入先,
statable_gui\code_generation_settings_dialog.py,255,B,string,（ユーザー 用）,user
statable_gui\code_generation_settings_dialog.py,258,B,string,ロール関数 ファイル,role function / function
statable_gui\code_generation_settings_dialog.py,261,B,string,ファイル,
statable_gui\code_generation_settings_dialog.py,264,B,string,共通 ファイル,
statable_gui\code_generation_settings_dialog.py,271,B,string,出力設定タブ,settings
statable_gui\code_generation_settings_dialog.py,274,B,comment,出力設定,settings
statable_gui\code_generation_settings_dialog.py,275,B,string,出力設定,settings
statable_gui\code_generation_settings_dialog.py,279,B,string,出力先ディレクトリ,
statable_gui\code_generation_settings_dialog.py,280,B,string,参照,
statable_gui\code_generation_settings_dialog.py,287,B,string,出力先,
statable_gui\code_generation_settings_dialog.py,291,B,comment,フォルダ構成,
statable_gui\code_generation_settings_dialog.py,292,B,string,フォルダ構成,
statable_gui\code_generation_settings_dialog.py,296,B,string,分離（推奨）,
statable_gui\code_generation_settings_dialog.py,297,B,string,層ごと,layer
statable_gui\code_generation_settings_dialog.py,298,B,string,フラット,
statable_gui\code_generation_settings_dialog.py,299,B,string,構成,
statable_gui\code_generation_settings_dialog.py,302,B,string,フォルダ名,
statable_gui\code_generation_settings_dialog.py,305,B,string,フォルダ名,
statable_gui\code_generation_settings_dialog.py,308,B,string,共通フォルダ名,
statable_gui\code_generation_settings_dialog.py,311,B,string,プロジェクトフォルダ名,
statable_gui\code_generation_settings_dialog.py,315,B,comment,スーパーインクルード,
statable_gui\code_generation_settings_dialog.py,316,B,string,スーパーインクルード,
statable_gui\code_generation_settings_dialog.py,319,B,string,を生成する（ユーザー 用）,user
statable_gui\code_generation_settings_dialog.py,324,B,string,ファイル名,
statable_gui\code_generation_settings_dialog.py,327,B,string,配置フォルダ,
statable_gui\code_generation_settings_dialog.py,333,B,comment,マージ設定,settings
statable_gui\code_generation_settings_dialog.py,334,B,string,マージ設定,settings
statable_gui\code_generation_settings_dialog.py,337,B,string,既存ファイルとマージして保存（ユーザーコード保持）,user
statable_gui\code_generation_settings_dialog.py,344,B,comment,プロジェクト名,
statable_gui\code_generation_settings_dialog.py,347,B,comment,生成方式・テーブル方式は固定のため 内部設定を強制,settings / forced
statable_gui\code_generation_settings_dialog.py,351,B,comment,種別,
statable_gui\code_generation_settings_dialog.py,356,B,comment,命名規則,
statable_gui\code_generation_settings_dialog.py,362,B,comment,コメント,
statable_gui\code_generation_settings_dialog.py,367,B,comment,ログ,
statable_gui\code_generation_settings_dialog.py,372,B,comment,保留イベント,event
statable_gui\code_generation_settings_dialog.py,375,B,comment,外部インクルード,
statable_gui\code_generation_settings_dialog.py,385,B,comment,出力,
statable_gui\code_generation_settings_dialog.py,389,B,comment,フォルダ構成,
statable_gui\code_generation_settings_dialog.py,399,B,comment,スーパーインクルード,
statable_gui\code_generation_settings_dialog.py,405,B,comment,プロジェクト名,
statable_gui\code_generation_settings_dialog.py,408,B,comment,生成方式・テーブル方式は固定,
statable_gui\code_generation_settings_dialog.py,412,B,comment,種別,
statable_gui\code_generation_settings_dialog.py,415,B,comment,命名規則,
statable_gui\code_generation_settings_dialog.py,421,B,comment,コメント,
statable_gui\code_generation_settings_dialog.py,426,B,comment,ログ,
statable_gui\code_generation_settings_dialog.py,431,B,comment,保留イベント,event
statable_gui\code_generation_settings_dialog.py,434,B,comment,外部インクルード,
statable_gui\code_generation_settings_dialog.py,444,B,comment,出力,
statable_gui\code_generation_settings_dialog.py,448,B,comment,フォルダ構成,
statable_gui\code_generation_settings_dialog.py,455,B,comment,スーパーインクルード,
statable_gui\code_generation_settings_dialog.py,463,B,string,ボタン,
statable_gui\code_generation_settings_dialog.py,468,B,string,リセットボタン,
statable_gui\code_generation_settings_dialog.py,470,B,string,確認 設定をリセットしますか？,settings
statable_gui\code_generation_settings_dialog.py,479,B,string,出力先ディレクトリを選択,
statable_gui\code_generation_settings_dialog.py,482,B,string,出力先ディレクトリを選択,
statable_gui\code_generation_settings_dialog.py,487,B,comment,外部インクルード操作,
statable_gui\code_generation_settings_dialog.py,490,B,string,外部インクルードファイルを選択,
statable_gui\code_generation_settings_dialog.py,495,B,comment,パスからファイル名のみ取得（既存の登録方法に合わせる）,
statable_gui\code_generation_settings_dialog.py,497,B,comment,重複チェック,
statable_gui\code_generation_settings_dialog.py,525,B,string,設定を取得,settings
statable_gui\common_widgets.py,1,B,string,共通 コンポーネント,
statable_gui\common_widgets.py,19,B,string,タイトル入力ウィジェット,title
statable_gui\common_widgets.py,21,B,string,一覧に表示されるラベル（空なら自動設定）,settings
statable_gui\common_widgets.py,26,B,string,タイトル,title
statable_gui\common_widgets.py,33,B,string,この項目のタイトルを入力してください 空の場合は自動で仮タイトルが設定されます,settings / title
statable_gui\common_widgets.py,49,B,string,型選択用コンボボックス,type
statable_gui\common_widgets.py,63,B,string,追加,
statable_gui\common_widgets.py,64,B,string,ユーザー定義型を追加・編集,definition / type / user
statable_gui\common_widgets.py,103,B,string,グループ選択用コンボボックス,
statable_gui\common_widgets.py,117,B,string,追加,
statable_gui\common_widgets.py,118,B,string,新しいグループを追加,
statable_gui\common_widgets.py,153,B,string,イベント選択用コンボボックス,event
statable_gui\common_widgets.py,165,B,string,状態選択用コンボボックス,state
statable_gui\common_widgets.py,176,B,string,グループ追加ダイアログ,
statable_gui\common_widgets.py,180,B,string,グループ追加,
statable_gui\common_widgets.py,188,B,string,新しいグループ名を入力,
statable_gui\common_widgets.py,189,B,string,グループ名,
statable_gui\common_widgets.py,198,B,string,警告 グループ名を入力してください,warning
statable_gui\common_widgets.py,207,B,string,ユーザー定義型管理ダイアログ,definition / type / user
statable_gui\common_widgets.py,212,B,string,ユーザー定義型管理,definition / type / user
statable_gui\common_widgets.py,218,B,string,タイトル 型名 メンバ数,title / type
statable_gui\common_widgets.py,227,B,string,追加,
statable_gui\common_widgets.py,229,B,string,編集,
statable_gui\common_widgets.py,231,B,string,削除,
statable_gui\common_widgets.py,239,B,string,閉じる,
statable_gui\common_widgets.py,269,B,string,警告 型名を入力してください,type / warning
statable_gui\common_widgets.py,272,B,string,警告 型 は既に存在します,type / warning
statable_gui\common_widgets.py,286,B,string,警告 型名を入力してください,type / warning
statable_gui\common_widgets.py,300,B,string,確認 型 を削除しますか？,type
statable_gui\common_widgets.py,310,B,string,ユーザー定義型編集ダイアログ,definition / type / user
statable_gui\common_widgets.py,315,B,string,ユーザー定義型編集,definition / type / user
statable_gui\common_widgets.py,323,B,string,一覧に表示されるラベル（空なら自動設定）,settings
statable_gui\common_widgets.py,324,B,string,タイトル,title
statable_gui\common_widgets.py,327,B,string,型名,type
statable_gui\common_widgets.py,330,B,string,説明,description
statable_gui\common_widgets.py,332,B,string,メンバ一覧,
statable_gui\common_widgets.py,334,B,string,メンバ名 型 ビット幅 配列 説明,description / type
statable_gui\common_widgets.py,343,B,string,メンバ追加,
statable_gui\common_widgets.py,345,B,string,メンバ編集,
statable_gui\common_widgets.py,347,B,string,メンバ削除,
statable_gui\common_widgets.py,385,B,string,警告 メンバ名を入力してください,warning
statable_gui\common_widgets.py,388,B,string,警告 メンバ は既に存在します,warning
statable_gui\common_widgets.py,402,B,string,警告 メンバ名を入力してください,warning
statable_gui\common_widgets.py,423,B,string,型 無名,type
statable_gui\common_widgets.py,425,B,string,警告 型名を入力してください,type / warning
statable_gui\common_widgets.py,439,B,string,構造体メンバ編集ダイアログ,
statable_gui\common_widgets.py,444,B,string,構造体メンバ編集,
statable_gui\common_widgets.py,452,B,string,一覧に表示されるラベル（空なら自動設定）,settings
statable_gui\common_widgets.py,453,B,string,タイトル,title
statable_gui\common_widgets.py,456,B,string,メンバ名,
statable_gui\common_widgets.py,470,B,string,型,type
statable_gui\common_widgets.py,472,B,comment,ビットフィールド,
statable_gui\common_widgets.py,473,B,string,ビットフィールドを使用する,
statable_gui\common_widgets.py,480,B,string,ビット幅,
statable_gui\common_widgets.py,482,B,comment,配列,
statable_gui\common_widgets.py,483,B,string,配列を使用する,
statable_gui\common_widgets.py,490,B,string,配列サイズ,
statable_gui\common_widgets.py,498,B,string,説明,description
statable_gui\common_widgets.py,520,B,string,無名,
statable_gui\common_widgets.py,522,B,string,無名,
statable_gui\common_widgets.py,524,B,string,メンバ 無名,
statable_gui\condition_builder_dialog.py,3,B,other,遷移条件ビルダーダイアログ（リテラル化対応・イベント名編集欄追加・遷移先ステート指定対応）,event / transition / condition
statable_gui\condition_builder_dialog.py,10,B,comment,パス設定,settings
statable_gui\condition_builder_dialog.py,28,B,comment,共有リテラルライブラリ,
statable_gui\condition_builder_dialog.py,31,B,string,遷移条件式を で構築するダイアログ,transition / condition
statable_gui\condition_builder_dialog.py,38,B,other,追加：現在の遷移先,transition
statable_gui\condition_builder_dialog.py,39,B,other,追加：現在の 遷移先,transition
statable_gui\condition_builder_dialog.py,42,B,string,遷移条件ビルダー,transition / condition
statable_gui\condition_builder_dialog.py,50,B,comment,遷移先ステート選択肢（外部から渡されたリスト なければステートマシンから取得）,transition
statable_gui\condition_builder_dialog.py,56,B,comment,構築後に現在値をコンボボックスへ反映,
statable_gui\condition_builder_dialog.py,64,B,string,ステートマシンから状態名リストを取得,state
statable_gui\condition_builder_dialog.py,74,B,comment,イベント名編集欄,event
statable_gui\condition_builder_dialog.py,76,B,string,イベント名,event
statable_gui\condition_builder_dialog.py,81,B,comment,遷移先ステート選択,transition
statable_gui\condition_builder_dialog.py,83,B,string,遷移先,transition
statable_gui\condition_builder_dialog.py,85,B,other,未設定用,settings
statable_gui\condition_builder_dialog.py,90,B,comment,遷移先ステート選択,transition
statable_gui\condition_builder_dialog.py,92,B,string,遷移先,transition
statable_gui\condition_builder_dialog.py,94,B,other,未設定用,settings
statable_gui\condition_builder_dialog.py,101,B,comment,左ペイン,
statable_gui\condition_builder_dialog.py,102,B,string,挿入するシンボル,
statable_gui\condition_builder_dialog.py,114,B,string,数値リテラル,
statable_gui\condition_builder_dialog.py,115,B,string,挿入,
statable_gui\condition_builder_dialog.py,123,B,comment,右ペイン,
statable_gui\condition_builder_dialog.py,124,B,string,条件式（シンボル名で記述）,condition
statable_gui\condition_builder_dialog.py,129,B,comment,リテラル化ボタン,
statable_gui\condition_builder_dialog.py,130,B,string,リテラル化,
statable_gui\condition_builder_dialog.py,135,B,string,例,
statable_gui\condition_builder_dialog.py,147,B,comment,クリアボタン,
statable_gui\condition_builder_dialog.py,148,B,string,クリア,
statable_gui\condition_builder_dialog.py,159,B,comment,下部： 形式の コード表示,
statable_gui\condition_builder_dialog.py,160,B,string,生成される コード（ 形式）,
statable_gui\condition_builder_dialog.py,181,B,string,現在の遷移先をコンボボックスに反映する,transition
statable_gui\condition_builder_dialog.py,192,B,string,利用可能なシンボルをカテゴリ別にツリーへ追加,
statable_gui\condition_builder_dialog.py,195,B,comment,グローバル変数,variable
statable_gui\condition_builder_dialog.py,196,B,string,グローバル変数,variable
statable_gui\condition_builder_dialog.py,204,B,comment,イベントフラグ,event / flag
statable_gui\condition_builder_dialog.py,205,B,string,イベントフラグ,event / flag
statable_gui\condition_builder_dialog.py,213,B,comment,イベント変数,event / variable
statable_gui\condition_builder_dialog.py,214,B,string,イベント変数,event / variable
statable_gui\condition_builder_dialog.py,225,B,comment,ロール関数（ ）,role function / function
statable_gui\condition_builder_dialog.py,226,B,string,ロール関数（ ）,role function / function
statable_gui\condition_builder_dialog.py,235,B,comment,リテラル,
statable_gui\condition_builder_dialog.py,236,B,string,リテラル,
statable_gui\condition_builder_dialog.py,244,B,comment,定数シンボル,
statable_gui\condition_builder_dialog.py,245,B,string,定数シンボル,
statable_gui\condition_builder_dialog.py,349,B,string,情報 条件式が入力されていません,condition / info
statable_gui\condition_builder_dialog.py,376,B,string,条件式中の数値をリテラル化するダイアログ,condition
statable_gui\condition_builder_dialog.py,384,B,string,リテラル化,
statable_gui\condition_builder_dialog.py,392,B,string,条件式中の数値をリテラル化します 各行の数値に名前を付けてください,condition
statable_gui\condition_builder_dialog.py,395,B,string,行 数値 リテラル名,
statable_gui\condition_edit_dialog.py,16,B,string,状態遷移条件を編集するダイアログ,state / transition / condition
statable_gui\condition_edit_dialog.py,20,B,string,状態遷移条件編集,state / transition / condition
statable_gui\condition_edit_dialog.py,32,B,comment,タイトル入力ウィジェット,title
statable_gui\condition_edit_dialog.py,36,B,comment,ロール関数選択・挿入バー,role function / function
statable_gui\condition_edit_dialog.py,38,B,string,ロール関数,role function / function
statable_gui\condition_edit_dialog.py,42,B,string,挿入,
statable_gui\condition_edit_dialog.py,47,B,comment,左右分割,
statable_gui\condition_edit_dialog.py,51,B,comment,左側：シンボルピッカー,
statable_gui\condition_edit_dialog.py,59,B,comment,右側：条件式編集,condition
statable_gui\condition_edit_dialog.py,62,B,string,条件式,condition
statable_gui\condition_edit_dialog.py,69,B,comment,論理演算子コンボ,
statable_gui\condition_edit_dialog.py,71,B,string,論理演算子,
statable_gui\condition_edit_dialog.py,104,B,string,ボタン：タイトルが空なら仮タイトルを自動設定,settings / title
statable_gui\condition_edit_dialog.py,107,B,comment,条件式の先頭 文字を仮タイトルに,title / condition
statable_gui\condition_edit_dialog.py,111,B,string,無題条件,condition
statable_gui\config.py,4,B,comment,ウィンドウ・プレビューのサイズ定数,
statable_gui\dialogs.py,3,B,other,遷移編集ダイアログ（ 編集対応 条件ビルダー直接起動対応）,transition / start / condition
statable_gui\dialogs.py,20,B,comment,エディタ連携,
statable_gui\dialogs.py,24,B,comment,条件ビルダー,condition
statable_gui\dialogs.py,29,B,string,ダブルクリックイベントを確実に捕捉するためのテーブル,event
statable_gui\dialogs.py,48,B,string,セル内の複数の遷移を一括編集するダイアログ（ 編集対応 条件ビルダー直接起動）,transition / start / condition
statable_gui\dialogs.py,54,B,string,遷移編集（ ビジュアル編集）,transition
statable_gui\dialogs.py,63,B,string,イベント 完了遷移,event / transition / completed
statable_gui\dialogs.py,66,B,string,タイトル 状態遷移条件 動作 遷移先 表示タイトル,state / transition / title / condition
statable_gui\dialogs.py,75,B,string,行追加,
statable_gui\dialogs.py,77,B,string,行削除,
statable_gui\dialogs.py,79,B,string,上へ,
statable_gui\dialogs.py,81,B,string,下へ,
statable_gui\dialogs.py,84,B,string,編集,
statable_gui\dialogs.py,85,B,string,選択中の行をビジュアルエディタで編集します,
statable_gui\dialogs.py,110,B,comment,ダブルクリック処理,
statable_gui\dialogs.py,113,B,string,列に応じて編集ダイアログを切り替える,
statable_gui\dialogs.py,115,B,comment,状態遷移条件列 条件ビルダー,state / transition / condition
statable_gui\dialogs.py,118,B,comment,動作列 表示タイトル列 エディタ,title
statable_gui\dialogs.py,121,B,comment,その他は何もしない,
statable_gui\dialogs.py,125,B,string,条件ビルダーを開いて条件式を編集する,condition
statable_gui\dialogs.py,140,B,other,シンボル名テキスト,
statable_gui\dialogs.py,147,B,string,指定行に対して エディタを開く,
statable_gui\dialogs.py,152,B,comment,編集,
statable_gui\dialogs.py,157,B,string,警告 編集する行を選択してください,warning
statable_gui\dialogs.py,190,B,other,変換,
statable_gui\dialogs.py,192,B,other,変更 を渡す（ ）,
statable_gui\dialogs.py,193,B,other,がこれを最優先で参照するため,
statable_gui\dialogs.py,194,B,other,ここで の層名を明示的に引き継ぐ,layer
statable_gui\dialogs.py,196,B,comment,の を取得（空ならフォールバックに任せる）,
statable_gui\dialogs.py,202,B,other,追加,
statable_gui\dialogs.py,206,B,string,完了,completed
statable_gui\dialogs.py,207,B,string,無題遷移 完了,transition / completed
statable_gui\dialogs.py,239,B,string,無題遷移,transition
statable_gui\dialogs.py,269,B,comment,行管理,
statable_gui\dialogs.py,289,B,string,無題遷移,transition
statable_gui\dialogs.py,291,B,string,この遷移のタイトル 直接編集できます,transition / title
statable_gui\dialogs.py,295,B,string,ダブルクリックで条件ビルダーを開く,condition
statable_gui\dialogs.py,301,B,string,ダブルクリックで 編集,
statable_gui\dialogs.py,317,B,string,状態遷移表に表示される短いラベル（自動生成）,state / transition
statable_gui\dialogs.py,354,B,string,無題遷移,transition
statable_gui\dialogs.py,356,B,string,内部,
statable_gui\dialogs.py,366,B,string,無題遷移,transition
statable_gui\event_definition_dialog.py,1,B,string,状態遷移イベント定義ダイアログ,state / event / transition / definition
statable_gui\event_definition_dialog.py,22,B,string,ダブルクリックを捕捉するテーブル,
statable_gui\event_definition_dialog.py,38,B,string,状態遷移イベント編集ダイアログ,state / event / transition
statable_gui\event_definition_dialog.py,43,B,string,状態遷移イベント編集,state / event / transition
statable_gui\event_definition_dialog.py,50,B,comment,タイトル入力欄（必須・仮タイトル自動設定）,settings / title
statable_gui\event_definition_dialog.py,54,B,comment,イベント名,event
statable_gui\event_definition_dialog.py,56,B,string,イベント名,event
statable_gui\event_definition_dialog.py,58,B,comment,イベント,event
statable_gui\event_definition_dialog.py,63,B,string,イベント,event
statable_gui\event_definition_dialog.py,65,B,comment,説明,description
statable_gui\event_definition_dialog.py,67,B,string,説明,description
statable_gui\event_definition_dialog.py,69,B,comment,イベント種類,event
statable_gui\event_definition_dialog.py,77,B,string,イベント種類,event
statable_gui\event_definition_dialog.py,79,B,comment,発生源レイヤ,layer
statable_gui\event_definition_dialog.py,80,B,string,ドライバ層,layer / driver
statable_gui\event_definition_dialog.py,81,B,string,ミドル層,layer
statable_gui\event_definition_dialog.py,93,B,string,発生源レイヤ,layer
statable_gui\event_definition_dialog.py,95,B,comment,配送タイプ,
statable_gui\event_definition_dialog.py,104,B,string,配送タイプ,
statable_gui\event_definition_dialog.py,106,B,comment,付随データ,
statable_gui\event_definition_dialog.py,107,B,string,付随データを使用する,
statable_gui\event_definition_dialog.py,114,B,string,データ型,type
statable_gui\event_definition_dialog.py,117,B,string,データ変数名,variable
statable_gui\event_definition_dialog.py,135,B,string,ボタン：タイトルが空なら仮タイトルを自動設定,settings / title
statable_gui\event_definition_dialog.py,136,B,string,イベント 無名,event
statable_gui\event_definition_dialog.py,158,B,string,状態遷移イベント定義一覧ダイアログ,state / event / transition / definition
statable_gui\event_definition_dialog.py,164,B,string,状態遷移イベント定義,state / event / transition / definition
statable_gui\event_definition_dialog.py,169,B,comment,検索,
statable_gui\event_definition_dialog.py,171,B,string,検索（前方一致）,
statable_gui\event_definition_dialog.py,173,B,string,タイトル・イベント名・説明,event / title / description
statable_gui\event_definition_dialog.py,178,B,comment,イベント一覧テーブル（タイトル列追加・直接編集可能）,event / title
statable_gui\event_definition_dialog.py,180,B,string,タイトル イベント名 発生源 配送タイプ 付随データ 説明,event / title / description
statable_gui\event_definition_dialog.py,187,B,comment,ボタン,
statable_gui\event_definition_dialog.py,189,B,string,追加,
statable_gui\event_definition_dialog.py,191,B,string,削除,
statable_gui\event_definition_dialog.py,198,B,comment,閉じる,
statable_gui\event_definition_dialog.py,199,B,string,閉じる,
statable_gui\event_definition_dialog.py,210,B,string,（完了）,completed
statable_gui\event_definition_dialog.py,218,B,comment,タイトル（直接編集可能）,title
statable_gui\event_definition_dialog.py,220,B,string,このイベントのタイトル 直接編集できます,event / title
statable_gui\event_definition_dialog.py,232,B,string,タイトル列が直接編集されたときの処理,title
statable_gui\event_definition_dialog.py,238,B,string,（完了）,completed
statable_gui\event_definition_dialog.py,241,B,string,イベント 完了,event / completed
statable_gui\event_definition_dialog.py,249,B,string,（完了）,completed
statable_gui\event_definition_dialog.py,263,B,string,警告 イベント名を入力してください,event / warning
statable_gui\event_definition_dialog.py,265,B,comment,名前が変わった場合の処理,
statable_gui\event_definition_dialog.py,269,B,string,警告 イベント は既に存在します,event / warning
statable_gui\event_definition_dialog.py,271,B,comment,元の位置を維持して辞書を再構築,
statable_gui\event_definition_dialog.py,293,B,string,警告 イベント名を入力してください,event / warning
statable_gui\event_definition_dialog.py,296,B,string,警告 イベント は既に存在します,event / warning
statable_gui\event_definition_dialog.py,310,B,comment,依存チェック,
statable_gui\event_definition_dialog.py,313,B,string,イベント は削除できません 以下の遷移で使用されています：,event / transition
statable_gui\event_definition_dialog.py,316,B,string,先にこれらの遷移を削除してください,transition
statable_gui\event_definition_dialog.py,317,B,string,警告,warning
statable_gui\event_definition_dialog.py,320,B,comment,割り込み処理のチェック,interrupt
statable_gui\event_definition_dialog.py,323,B,string,警告 イベント は割り込み処理 で使用されています,event / interrupt / warning
statable_gui\event_definition_dialog.py,325,B,string,確認 イベント を削除しますか？,event
statable_gui\event_delivery_settings_dialog.py,1,B,string,イベント配送設定ダイアログ,event / settings
statable_gui\event_delivery_settings_dialog.py,18,B,string,ダブルクリックを捕捉するテーブル,
statable_gui\event_delivery_settings_dialog.py,33,B,string,イベント配送タイプ（ ）を設定し 使用状況に応じて 自動変換を表示するダイアログ,event / settings
statable_gui\event_delivery_settings_dialog.py,40,B,string,イベント配送設定,event / settings
statable_gui\event_delivery_settings_dialog.py,45,B,comment,グローバル設定チェックボックス,settings
statable_gui\event_delivery_settings_dialog.py,46,B,string,で使用される イベントを に自動変換する,event
statable_gui\event_delivery_settings_dialog.py,50,B,comment,イベント一覧テーブル,event
statable_gui\event_delivery_settings_dialog.py,52,B,string,タイトル イベント名 発生源 配送タイプ 使用 変換後,event / title
statable_gui\event_delivery_settings_dialog.py,57,B,comment,ヘルプ,
statable_gui\event_delivery_settings_dialog.py,59,B,string,イベントが から通知される場合 自動的に へ変換されます,event
statable_gui\event_delivery_settings_dialog.py,60,B,string,イベントの回数やデータが必要な場合は を選択してください,event
statable_gui\event_delivery_settings_dialog.py,77,B,string,テーブルを構築する,
statable_gui\event_delivery_settings_dialog.py,83,B,comment,タイトル（読み取り専用）,title
statable_gui\event_delivery_settings_dialog.py,88,B,comment,イベント名（読み取り専用）,event
statable_gui\event_delivery_settings_dialog.py,89,B,string,（完了）,completed
statable_gui\event_delivery_settings_dialog.py,93,B,comment,発生源（読み取り専用）,
statable_gui\event_delivery_settings_dialog.py,98,B,comment,配送タイプコンボ,
statable_gui\event_delivery_settings_dialog.py,109,B,comment,使用列（読み取り専用）,
statable_gui\event_delivery_settings_dialog.py,111,B,string,あり,
statable_gui\event_delivery_settings_dialog.py,115,B,comment,変換後列（読み取り専用）,
statable_gui\event_delivery_settings_dialog.py,125,B,string,割り込み処理からイベントが使用されているか判定する,event / interrupt
statable_gui\event_delivery_settings_dialog.py,130,B,comment,リストをチェック,
statable_gui\event_delivery_settings_dialog.py,135,B,comment,内のコードをチェック,
statable_gui\event_delivery_settings_dialog.py,145,B,string,イベント名から行番号を探す,event
statable_gui\event_delivery_settings_dialog.py,153,B,string,配送タイプコンボ変更時に変換後列を更新,
statable_gui\event_delivery_settings_dialog.py,157,B,string,変換後列を現在の設定から再計算して表示する,settings
statable_gui\event_delivery_settings_dialog.py,162,B,string,（完了）,completed
statable_gui\event_delivery_settings_dialog.py,169,B,string,あり,
statable_gui\event_delivery_settings_dialog.py,178,B,string,ボタン：各イベントの配送タイプを更新して閉じる,event
statable_gui\event_delivery_settings_dialog.py,182,B,string,（完了）,completed
statable_gui\event_delivery_settings_dialog.py,190,B,string,チェックボックスの状態を返す,state
statable_gui\event_queue_dialog.py,1,B,string,イベントキュー定義ダイアログ,event / definition / queue
statable_gui\event_queue_dialog.py,39,B,string,イベントキュー編集,event / queue
statable_gui\event_queue_dialog.py,46,B,comment,タイトル入力欄（必須・仮タイトル自動設定）,settings / title
statable_gui\event_queue_dialog.py,50,B,comment,キュー名,queue
statable_gui\event_queue_dialog.py,52,B,string,キュー名,queue
statable_gui\event_queue_dialog.py,54,B,comment,サイズ,
statable_gui\event_queue_dialog.py,58,B,string,サイズ,
statable_gui\event_queue_dialog.py,60,B,comment,要素型,type
statable_gui\event_queue_dialog.py,64,B,string,要素型,type
statable_gui\event_queue_dialog.py,66,B,comment,関連イベント選択リスト,event
statable_gui\event_queue_dialog.py,73,B,string,関連イベント,event
statable_gui\event_queue_dialog.py,75,B,comment,優先度付き,priority
statable_gui\event_queue_dialog.py,78,B,string,優先度付き,priority
statable_gui\event_queue_dialog.py,80,B,comment,割込保護,
statable_gui\event_queue_dialog.py,83,B,string,割込保護,
statable_gui\event_queue_dialog.py,85,B,comment,使用,
statable_gui\event_queue_dialog.py,88,B,string,使用,
statable_gui\event_queue_dialog.py,90,B,comment,説明,description
statable_gui\event_queue_dialog.py,92,B,string,説明,description
statable_gui\event_queue_dialog.py,102,B,string,ボタン：タイトルが空なら仮タイトルを自動設定,settings / title
statable_gui\event_queue_dialog.py,103,B,string,キュー 無名,queue
statable_gui\event_queue_dialog.py,127,B,string,イベントキュー定義一覧ダイアログ,event / definition / queue
statable_gui\event_queue_dialog.py,132,B,string,イベントキュー定義,event / definition / queue
statable_gui\event_queue_dialog.py,137,B,comment,検索,
statable_gui\event_queue_dialog.py,139,B,string,検索（前方一致）,
statable_gui\event_queue_dialog.py,141,B,string,タイトル・キュー名・説明,queue / title / description
statable_gui\event_queue_dialog.py,146,B,comment,一覧テーブル（タイトル列追加・直接編集可能）,title
statable_gui\event_queue_dialog.py,148,B,string,タイトル キュー名 サイズ 要素型 関連イベント 優先度 割込保護 説明,event / queue / title / description / type / priority
statable_gui\event_queue_dialog.py,154,B,comment,ボタン,
statable_gui\event_queue_dialog.py,156,B,string,追加,
statable_gui\event_queue_dialog.py,158,B,string,削除,
statable_gui\event_queue_dialog.py,165,B,comment,閉じる,
statable_gui\event_queue_dialog.py,166,B,string,閉じる,
statable_gui\event_queue_dialog.py,183,B,string,このキューのタイトル 直接編集できます,queue / title
statable_gui\event_queue_dialog.py,190,B,string,あり なし,
statable_gui\event_queue_dialog.py,191,B,string,あり なし,
statable_gui\event_queue_dialog.py,192,B,string,あり なし,
statable_gui\event_queue_dialog.py,196,B,string,検索フィルタ（前方一致）,
statable_gui\event_queue_dialog.py,206,B,string,タイトル列が直接編集されたときの処理,title
statable_gui\event_queue_dialog.py,213,B,string,キュー,queue
statable_gui\event_queue_dialog.py,226,B,string,警告 キュー名を入力してください,queue / warning
statable_gui\event_queue_dialog.py,236,B,string,警告 キュー名を入力してください,queue / warning
statable_gui\global_defs.py,1,B,string,グローバル変数・イベントフラグ・割り込み処理・デバイスリソース・タイマ設定のデータモデル,event / settings / variable / flag / interrupt / timer
statable_gui\global_defs.py,9,B,string,システム全体で共有するグローバル変数,variable / system
statable_gui\global_defs.py,20,B,string,変数,variable
statable_gui\global_defs.py,25,B,string,ビットフィールドで扱うイベントフラグ,event / flag
statable_gui\global_defs.py,35,B,string,フラグ,flag
statable_gui\global_defs.py,46,B,string,割り込み処理内の条件付きアクション,interrupt / condition / action
statable_gui\global_defs.py,53,B,string,割り込み処理定義,definition / interrupt
statable_gui\global_defs.py,63,B,string,割り込み,interrupt
statable_gui\global_defs.py,68,B,string,デバイスリソース仮定義,definition
statable_gui\global_defs.py,75,B,string,デバイス,
statable_gui\global_defs.py,80,B,string,派生タイマ変数定義,definition / variable / timer
statable_gui\global_defs.py,89,B,string,タイマ,timer
statable_gui\global_defs.py,94,B,string,タイマ刻み変数定義,definition / variable / timer
statable_gui\global_defs.py,100,B,other,このタイマを駆動する割り込み名,interrupt / timer
statable_gui\global_defs.py,104,B,string,タイマ基準,timer
statable_gui\global_defs.py,109,B,string,イベントキュー定義,event / definition / queue
statable_gui\global_defs.py,122,B,string,キュー,queue
statable_gui\global_defs.py,126,B,string,グローバル変数・イベントフラグ・割り込み処理・デバイスリソース・タイマ設定・イベントキューの管理クラス,event / settings / variable / flag / interrupt / timer / queue
statable_gui\global_defs.py,134,B,other,追加タイマ基準,timer
statable_gui\global_defs.py,138,B,string,全タイマ基準変数・派生タイマ変数をグローバル変数として登録する,variable / timer
statable_gui\global_defs.py,149,B,string,タイマ基準変数,variable / timer
statable_gui\global_defs.py,159,B,string,派生タイマ変数（ ）,variable / timer
statable_gui\global_defs_dialog.py,1,B,string,グローバル変数・イベントフラグ定義管理画面,event / definition / variable / flag
statable_gui\global_defs_dialog.py,60,B,string,行を追加,
statable_gui\global_defs_dialog.py,75,B,string,グローバル変数編集,variable
statable_gui\global_defs_dialog.py,84,B,string,名前,
statable_gui\global_defs_dialog.py,89,B,string,型,type
statable_gui\global_defs_dialog.py,91,B,string,配列を使用する,
statable_gui\global_defs_dialog.py,98,B,string,配列サイズ,
statable_gui\global_defs_dialog.py,104,B,string,単位,
statable_gui\global_defs_dialog.py,107,B,string,初期値,
statable_gui\global_defs_dialog.py,112,B,string,グループ,
statable_gui\global_defs_dialog.py,115,B,string,説明,description
statable_gui\global_defs_dialog.py,126,B,string,変数 無名,variable
statable_gui\global_defs_dialog.py,128,B,string,無名,
statable_gui\global_defs_dialog.py,150,B,string,イベントフラグ編集,event / flag
statable_gui\global_defs_dialog.py,159,B,string,フラグ名,flag
statable_gui\global_defs_dialog.py,164,B,string,最小値,
statable_gui\global_defs_dialog.py,169,B,string,最大値,
statable_gui\global_defs_dialog.py,175,B,string,ビット幅,
statable_gui\global_defs_dialog.py,180,B,string,グループ,
statable_gui\global_defs_dialog.py,183,B,string,説明,description
statable_gui\global_defs_dialog.py,194,B,string,エラー 最大値 最小値,error
statable_gui\global_defs_dialog.py,202,B,string,フラグ 無名,flag
statable_gui\global_defs_dialog.py,218,B,string,グローバル変数 一括登録ダイアログ,variable
statable_gui\global_defs_dialog.py,224,B,string,グローバル変数 一括登録,variable
statable_gui\global_defs_dialog.py,229,B,string,タイトル 名前 型 配列 単位 初期値 グループ 説明,title / description / type
statable_gui\global_defs_dialog.py,241,B,string,行追加,
statable_gui\global_defs_dialog.py,243,B,string,行削除,
statable_gui\global_defs_dialog.py,308,B,string,変数,variable
statable_gui\global_defs_dialog.py,332,B,string,変数,variable
statable_gui\global_defs_dialog.py,338,B,string,イベントフラグ 一括登録ダイアログ,event / flag
statable_gui\global_defs_dialog.py,343,B,string,イベントフラグ 一括登録,event / flag
statable_gui\global_defs_dialog.py,348,B,string,タイトル フラグ名 最小値 最大値 ビット幅 グループ 説明,flag / title / description
statable_gui\global_defs_dialog.py,358,B,string,行追加,
statable_gui\global_defs_dialog.py,360,B,string,行削除,
statable_gui\global_defs_dialog.py,430,B,string,エラー,error
statable_gui\global_defs_dialog.py,444,B,string,フラグ,flag
statable_gui\global_defs_dialog.py,464,B,string,フラグ,flag
statable_gui\global_defs_dialog.py,474,B,string,グローバル変数 イベントフラグ定義,event / definition / variable / flag
statable_gui\global_defs_dialog.py,480,B,string,検索（前方一致）,
statable_gui\global_defs_dialog.py,482,B,string,タイトル・メンバ名・グループ名,title
statable_gui\global_defs_dialog.py,490,B,string,グローバル変数,variable
statable_gui\global_defs_dialog.py,491,B,string,イベントフラグ,event / flag
statable_gui\global_defs_dialog.py,493,B,string,閉じる,
statable_gui\global_defs_dialog.py,506,B,string,タイトル 名前 型 配列 単位 初期値 グループ 説明,title / description / type
statable_gui\global_defs_dialog.py,519,B,string,削除,
statable_gui\global_defs_dialog.py,521,B,string,一括登録,
statable_gui\global_defs_dialog.py,538,B,string,タイトル フラグ名 最小値 最大値 ビット幅 グループ 説明,flag / title / description
statable_gui\global_defs_dialog.py,549,B,string,削除,
statable_gui\global_defs_dialog.py,551,B,string,一括登録,
statable_gui\global_defs_dialog.py,624,B,string,変数,variable
statable_gui\global_defs_dialog.py,653,B,string,変数,variable
statable_gui\global_defs_dialog.py,730,B,string,フラグ,flag
statable_gui\global_defs_dialog.py,758,B,string,フラグ,flag
statable_gui\interrupt_handler_edit_dialog.py,1,B,string,割り込み処理・デバイスリソース・タイマ設定の管理ダイアログ（複数タイマ対応版・ 対応）,settings / interrupt / timer
statable_gui\interrupt_handler_edit_dialog.py,57,B,string,割り込み処理編集,interrupt
statable_gui\interrupt_handler_edit_dialog.py,65,B,string,割り込み処理編集,interrupt
statable_gui\interrupt_handler_edit_dialog.py,76,B,string,一覧に表示されるラベル（空なら自動設定）,settings
statable_gui\interrupt_handler_edit_dialog.py,77,B,string,この割り込み処理のタイトルを入力してください 空の場合は自動で仮タイトルが設定されます,settings / interrupt / title
statable_gui\interrupt_handler_edit_dialog.py,78,B,string,タイトル,title
statable_gui\interrupt_handler_edit_dialog.py,83,B,string,割り込み名を入力してください（例： ）,interrupt
statable_gui\interrupt_handler_edit_dialog.py,84,B,string,割り込み名,interrupt
statable_gui\interrupt_handler_edit_dialog.py,89,B,string,この割り込み処理の説明を入力してください,interrupt / description
statable_gui\interrupt_handler_edit_dialog.py,90,B,string,説明,description
statable_gui\interrupt_handler_edit_dialog.py,100,B,string,から通知する状態遷移イベント名を選択または入力してください,state / event / transition
statable_gui\interrupt_handler_edit_dialog.py,101,B,string,新しいイベント名を入力すると そのまま登録されます,event
statable_gui\interrupt_handler_edit_dialog.py,103,B,string,イベント名,event
statable_gui\interrupt_handler_edit_dialog.py,107,B,string,タイマ割り込みの場合にチェックしてください,interrupt / timer
statable_gui\interrupt_handler_edit_dialog.py,108,B,string,タイマ割り込み,interrupt / timer
statable_gui\interrupt_handler_edit_dialog.py,110,B,string,条件付きアクション一覧,condition / action
statable_gui\interrupt_handler_edit_dialog.py,112,B,string,各行に 状態遷移条件 と 動作コード を記述します,state / transition / condition
statable_gui\interrupt_handler_edit_dialog.py,113,B,string,状態遷移条件が空の場合は無条件で動作が実行されます,state / transition / execute / condition
statable_gui\interrupt_handler_edit_dialog.py,114,B,string,ダブルクリックで各セルを編集できます,
statable_gui\interrupt_handler_edit_dialog.py,120,B,string,状態遷移条件 動作コード,state / transition / condition
statable_gui\interrupt_handler_edit_dialog.py,126,B,string,行追加,
statable_gui\interrupt_handler_edit_dialog.py,128,B,string,行削除,
statable_gui\interrupt_handler_edit_dialog.py,153,B,string,ダブルクリックで状態遷移条件を編集,state / transition / condition
statable_gui\interrupt_handler_edit_dialog.py,158,B,string,ダブルクリックで動作コードを編集,
statable_gui\interrupt_handler_edit_dialog.py,204,B,string,割り込み 無名,interrupt
statable_gui\interrupt_handler_edit_dialog.py,209,B,comment,を自動抽出,
statable_gui\interrupt_handler_edit_dialog.py,236,B,comment,使用ロール関数・変数を自動抽出,role function / variable / function
statable_gui\interrupt_handler_edit_dialog.py,258,B,string,デバイスリソース仮定義編集,definition
statable_gui\interrupt_handler_edit_dialog.py,266,B,string,一覧に表示されるラベル（空なら自動設定）,settings
statable_gui\interrupt_handler_edit_dialog.py,267,B,string,タイトル,title
statable_gui\interrupt_handler_edit_dialog.py,272,B,string,仮定義名,definition
statable_gui\interrupt_handler_edit_dialog.py,277,B,string,説明,description
statable_gui\interrupt_handler_edit_dialog.py,286,B,string,デバイス 無名,
statable_gui\interrupt_handler_edit_dialog.py,301,B,string,タイマ基準変数編集,variable / timer
statable_gui\interrupt_handler_edit_dialog.py,309,B,string,一覧に表示されるラベル（空なら自動設定）,settings
statable_gui\interrupt_handler_edit_dialog.py,310,B,string,タイトル,title
statable_gui\interrupt_handler_edit_dialog.py,315,B,string,基準変数名,variable
statable_gui\interrupt_handler_edit_dialog.py,320,B,string,単位,
statable_gui\interrupt_handler_edit_dialog.py,325,B,string,型,type
statable_gui\interrupt_handler_edit_dialog.py,330,B,string,このタイマを駆動する割り込み名（任意）,interrupt / timer
statable_gui\interrupt_handler_edit_dialog.py,331,B,string,割り込み名,interrupt
statable_gui\interrupt_handler_edit_dialog.py,340,B,string,タイマ基準 無名,timer
statable_gui\interrupt_handler_edit_dialog.py,357,B,string,派生タイマ変数編集,variable / timer
statable_gui\interrupt_handler_edit_dialog.py,365,B,string,一覧に表示されるラベル（空なら自動設定）,settings
statable_gui\interrupt_handler_edit_dialog.py,366,B,string,タイトル,title
statable_gui\interrupt_handler_edit_dialog.py,371,B,string,周期名,
statable_gui\interrupt_handler_edit_dialog.py,377,B,string,倍率,
statable_gui\interrupt_handler_edit_dialog.py,382,B,string,変数名,variable
statable_gui\interrupt_handler_edit_dialog.py,387,B,string,型,type
statable_gui\interrupt_handler_edit_dialog.py,396,B,string,タイマ 無名,timer
statable_gui\interrupt_handler_edit_dialog.py,411,B,string,割り込み処理・デバイスリソース・タイマ設定をまとめて管理するダイアログ,settings / interrupt / timer
statable_gui\interrupt_handler_edit_dialog.py,425,B,string,割り込み処理・デバイスリソース・タイマ設定,settings / interrupt / timer
statable_gui\interrupt_handler_edit_dialog.py,433,B,string,割り込み処理,interrupt
statable_gui\interrupt_handler_edit_dialog.py,434,B,string,デバイスリソース,
statable_gui\interrupt_handler_edit_dialog.py,435,B,string,タイマ設定,settings / timer
statable_gui\interrupt_handler_edit_dialog.py,437,B,string,閉じる,
statable_gui\interrupt_handler_edit_dialog.py,448,B,comment,割り込み処理タブ,interrupt
statable_gui\interrupt_handler_edit_dialog.py,456,B,string,タイトル 割り込み名 説明 イベント名 タイマ 条件付きアクション数,event / interrupt / timer / title / description / condition / action
statable_gui\interrupt_handler_edit_dialog.py,463,B,string,追加,
statable_gui\interrupt_handler_edit_dialog.py,465,B,string,削除,
statable_gui\interrupt_handler_edit_dialog.py,501,B,string,警告 割り込み名を入力してください,interrupt / warning
statable_gui\interrupt_handler_edit_dialog.py,516,B,string,警告 割り込み名を入力してください,interrupt / warning
statable_gui\interrupt_handler_edit_dialog.py,528,B,comment,デバイスリソースタブ,
statable_gui\interrupt_handler_edit_dialog.py,535,B,string,タイトル 仮定義名 説明,definition / title / description
statable_gui\interrupt_handler_edit_dialog.py,541,B,string,追加,
statable_gui\interrupt_handler_edit_dialog.py,543,B,string,削除,
statable_gui\interrupt_handler_edit_dialog.py,570,B,string,警告 仮定義名を入力してください,definition / warning
statable_gui\interrupt_handler_edit_dialog.py,580,B,string,警告 仮定義名を入力してください,definition / warning
statable_gui\interrupt_handler_edit_dialog.py,592,B,comment,タイマ設定タブ（複数基準タイマ対応）,settings / timer
statable_gui\interrupt_handler_edit_dialog.py,598,B,comment,基準タイマ用タブ,timer
statable_gui\interrupt_handler_edit_dialog.py,605,B,comment,ボタン,
statable_gui\interrupt_handler_edit_dialog.py,608,B,string,基準タイマを追加,timer
statable_gui\interrupt_handler_edit_dialog.py,615,B,string,全基準タイマをタブとして表示,timer
statable_gui\interrupt_handler_edit_dialog.py,624,B,string,つの基準タイマの編集タブを作成,timer
statable_gui\interrupt_handler_edit_dialog.py,631,B,comment,タイトル（編集可能・タブ名と連動）,title
statable_gui\interrupt_handler_edit_dialog.py,634,B,string,タイトル,title
statable_gui\interrupt_handler_edit_dialog.py,638,B,string,基準変数名,variable
statable_gui\interrupt_handler_edit_dialog.py,642,B,string,単位,
statable_gui\interrupt_handler_edit_dialog.py,646,B,string,型,type
statable_gui\interrupt_handler_edit_dialog.py,650,B,string,割り込み名（任意）,interrupt
statable_gui\interrupt_handler_edit_dialog.py,651,B,string,割り込み名,interrupt
statable_gui\interrupt_handler_edit_dialog.py,653,B,comment,編集ボタン,
statable_gui\interrupt_handler_edit_dialog.py,654,B,string,基準タイマ編集,timer
statable_gui\interrupt_handler_edit_dialog.py,658,B,string,派生タイマ変数,variable / timer
statable_gui\interrupt_handler_edit_dialog.py,660,B,string,タイトル 周期名 倍率 変数名 型,variable / title / type
statable_gui\interrupt_handler_edit_dialog.py,665,B,comment,派生タイマ用ボタン,timer
statable_gui\interrupt_handler_edit_dialog.py,667,B,string,追加,
statable_gui\interrupt_handler_edit_dialog.py,669,B,string,削除,
statable_gui\interrupt_handler_edit_dialog.py,681,B,string,指定されたタイマの派生タイマをテーブルに表示,timer
statable_gui\interrupt_handler_edit_dialog.py,693,B,string,タイマ基準,timer
statable_gui\interrupt_handler_edit_dialog.py,720,B,string,警告 基準変数名を入力してください,variable / warning
statable_gui\interrupt_handler_edit_dialog.py,732,B,string,警告 基準変数名を入力してください,variable / warning
statable_gui\interrupt_handler_edit_dialog.py,745,B,string,警告 メインタイマは削除できません,timer / warning
statable_gui\interrupt_handler_edit_dialog.py,751,B,string,確認,
statable_gui\interrupt_handler_edit_dialog.py,752,B,string,基準タイマ を削除しますか？,timer
statable_gui\interrupt_handler_edit_dialog.py,766,B,string,タイマ名変更 新しいタイマ名を入力してください：,timer
statable_gui\interrupt_handler_edit_dialog.py,784,B,string,警告 周期名を入力してください,warning
statable_gui\interrupt_handler_edit_dialog.py,795,B,string,警告 周期名を入力してください,warning
statable_gui\layer_settings_dialog.py,3,B,other,レイヤ設定ダイアログ,settings / layer
statable_gui\layer_settings_dialog.py,4,B,other,各タブ（層）の実行優先度・層名を一括設定,execute / settings / layer / priority
statable_gui\layer_settings_dialog.py,23,B,string,レイヤ設定ダイアログ,settings / layer
statable_gui\layer_settings_dialog.py,34,B,string,レイヤ設定,settings / layer
statable_gui\layer_settings_dialog.py,43,B,comment,説明,description
statable_gui\layer_settings_dialog.py,44,B,string,設定項目について,settings
statable_gui\layer_settings_dialog.py,48,B,string,・層名 生成コードの識別子に使用（例,layer
statable_gui\layer_settings_dialog.py,49,B,string,）,
statable_gui\layer_settings_dialog.py,50,B,string,空欄にすると層名なし版（ ）が生成されます,layer
statable_gui\layer_settings_dialog.py,51,B,string,・優先度 の範囲 （低）が最初に実行・初期化,initialization / execute / priority
statable_gui\layer_settings_dialog.py,52,B,string,・タブ名 表示用の名前（変更はタブ名変更メニューから）,
statable_gui\layer_settings_dialog.py,59,B,comment,層一覧テーブル（ 列）,layer
statable_gui\layer_settings_dialog.py,62,B,string,タブ名 層名 優先度 説明,description / layer / priority
statable_gui\layer_settings_dialog.py,81,B,comment,ボタン,
statable_gui\layer_settings_dialog.py,85,B,string,キャンセル,
statable_gui\layer_settings_dialog.py,98,B,comment,優先度の昇順でソート,priority
statable_gui\layer_settings_dialog.py,105,B,comment,タブ名（編集不可）,
statable_gui\layer_settings_dialog.py,112,B,comment,層名（編集可）,layer
statable_gui\layer_settings_dialog.py,117,B,comment,優先度（スピンボックス）,priority
statable_gui\layer_settings_dialog.py,124,B,comment,説明,description
statable_gui\layer_settings_dialog.py,132,B,comment,優先度の重複チェック,priority
statable_gui\layer_settings_dialog.py,141,B,string,確認,
statable_gui\layer_settings_dialog.py,142,B,string,優先度が重複しています このまま続けますか？,priority
statable_gui\layer_settings_dialog.py,151,B,string,設定を各 に反映,settings
statable_gui\layer_settings_dialog.py,155,B,comment,対応する を検索,
statable_gui\layer_settings_dialog.py,165,B,comment,層名,layer
statable_gui\layer_settings_dialog.py,170,B,comment,優先度,priority
statable_gui\layer_settings_dialog.py,175,B,comment,説明,description
statable_gui\logger.py,7,B,string,専用ロガー（シングルトン）,
statable_gui\main_window.py,3,B,other,メインウィンドウ,
statable_gui\main_window.py,4,B,other,コード生成機能・検証 連携機能・共有ライブラリ管理を統合,
statable_gui\main_window.py,5,B,other,（複数層対応版）,layer
statable_gui\main_window.py,7,B,other,修正,
statable_gui\main_window.py,8,B,other,の 登録で を渡す（バグ ）,
statable_gui\main_window.py,45,B,comment,共有ライブラリ（ に統合済）,
statable_gui\main_window.py,52,B,comment,コード生成モジュール,
statable_gui\main_window.py,78,B,comment,検証・ 連携モジュール,
statable_gui\main_window.py,93,B,comment,環境設定,settings
statable_gui\main_window.py,96,B,comment,コード生成設定マネージャ,settings
statable_gui\main_window.py,99,B,comment,グローバル変数・イベントフラグ・割り込み・,event / variable / flag / interrupt
statable_gui\main_window.py,100,B,comment,デバイス・タイマ設定,settings / timer
statable_gui\main_window.py,112,B,comment,共有ライブラリ（プロジェクト全体で共有）,
statable_gui\main_window.py,117,B,comment,サンプルステートマシンから共有ライブラリへデータ登録,
statable_gui\main_window.py,121,B,comment,修正 ロール関数を共有ライブラリへ登録,role function / function
statable_gui\main_window.py,122,B,comment,も渡す（ ）,
statable_gui\main_window.py,133,B,other,追加,
statable_gui\main_window.py,150,B,comment,条件テンプレートを追加,condition
statable_gui\main_window.py,165,B,comment,リテラルを追加,
statable_gui\main_window.py,170,B,string,リトライ回数閾値,retry / threshold
statable_gui\main_window.py,174,B,string,最小電圧,
statable_gui\main_window.py,181,B,comment,デバッグログ 共有ライブラリの内容を出力,debug
statable_gui\main_window.py,195,B,comment,ボタン,
statable_gui\main_window.py,205,B,comment,ダブルクリックでタブ名変更,
statable_gui\main_window.py,217,B,comment,初期タブ,
statable_gui\main_window.py,225,B,comment,ツールバー,
statable_gui\main_window.py,228,B,string,メインツールバー,
statable_gui\main_window.py,233,B,string,グローバル定義,definition
statable_gui\main_window.py,235,B,string,グローバル変数・イベントフラグ定義を開く,event / definition / variable / flag
statable_gui\main_window.py,240,B,string,型定義,definition / type
statable_gui\main_window.py,242,B,string,ユーザー定義型（構造体）を管理,definition / type / user
statable_gui\main_window.py,247,B,string,イベント定義,event / definition
statable_gui\main_window.py,249,B,string,状態遷移イベント定義を開く,state / event / transition / definition
statable_gui\main_window.py,254,B,string,イベント配送設定,event / settings
statable_gui\main_window.py,256,B,string,イベント配送タイプ設定を開く,event / settings
statable_gui\main_window.py,261,B,string,割り込み設定,settings / interrupt
statable_gui\main_window.py,263,B,string,割り込み処理・デバイスリソース・,interrupt
statable_gui\main_window.py,264,B,string,タイマ設定を開く,settings / timer
statable_gui\main_window.py,269,B,comment,レイヤ設定,settings / layer
statable_gui\main_window.py,270,B,string,レイヤ設定,settings / layer
statable_gui\main_window.py,272,B,string,層の実行優先度・初期化順序を設定,initialization / execute / settings / layer / priority
statable_gui\main_window.py,279,B,string,検証・ 診断,
statable_gui\main_window.py,281,B,string,コード生成前検証・ 連携診断を開く,
statable_gui\main_window.py,288,B,string,コード生成,
statable_gui\main_window.py,289,B,string,コードを生成,
statable_gui\main_window.py,294,B,string,生成設定,settings
statable_gui\main_window.py,296,B,string,コード生成設定を変更,settings
statable_gui\main_window.py,301,B,string,生成コード保存,
statable_gui\main_window.py,303,B,string,生成コードを直接保存,
statable_gui\main_window.py,310,B,string,開く,
statable_gui\main_window.py,311,B,string,プロジェクトを開く,
statable_gui\main_window.py,315,B,string,保存,
statable_gui\main_window.py,316,B,string,プロジェクトを保存,
statable_gui\main_window.py,322,B,string,新規タブ,
statable_gui\main_window.py,324,B,string,新しい状態遷移タブを追加,state / transition
statable_gui\main_window.py,328,B,string,タブ名変更,
statable_gui\main_window.py,329,B,string,現在のタブ名を変更,
statable_gui\main_window.py,336,B,string,ログ表示,
statable_gui\main_window.py,340,B,string,ログの表示 非表示,
statable_gui\main_window.py,348,B,comment,メニュー,
statable_gui\main_window.py,404,B,comment,レイヤ設定,settings / layer
statable_gui\main_window.py,411,B,string,検証,
statable_gui\main_window.py,413,B,string,検証・ 診断,
statable_gui\main_window.py,419,B,string,コード生成,
statable_gui\main_window.py,421,B,string,コード生成,
statable_gui\main_window.py,428,B,string,生成設定,settings
statable_gui\main_window.py,436,B,string,生成コードを保存,
statable_gui\main_window.py,451,B,comment,レイヤ設定,settings / layer
statable_gui\main_window.py,454,B,string,レイヤ設定ダイアログを開く,settings / layer
statable_gui\main_window.py,473,B,string,層が定義されていません,definition / layer
statable_gui\main_window.py,495,B,comment,各ダイアログ起動メソッド,start
statable_gui\main_window.py,524,B,string,状態遷移タブがありません,state / transition
statable_gui\main_window.py,541,B,string,状態遷移タブがありません,state / transition
statable_gui\main_window.py,580,B,comment,プロジェクト保存・読込,
statable_gui\main_window.py,583,B,other,全タブ・グローバル定義・共有ライブラリ・,definition
statable_gui\main_window.py,584,B,docstring,プロジェクト設定を保存,settings
statable_gui\main_window.py,606,B,comment,プロジェクト設定を収集,settings
statable_gui\main_window.py,669,B,string,プロジェクト全体を読み込む,
statable_gui\main_window.py,699,B,comment,共有ライブラリも置き換え,
statable_gui\main_window.py,708,B,comment,自動補完 各タブの のロール関数を共有ライブラリへ登録,role function / function
statable_gui\main_window.py,709,B,comment,の が空でもパレットに候補を出すため,
statable_gui\main_window.py,720,B,comment,既にライブラリに存在すればスキップ,
statable_gui\main_window.py,732,B,other,重複は無視,ignore
statable_gui\main_window.py,745,B,comment,自動補完 各遷移の条件式を へ登録,transition / condition
statable_gui\main_window.py,778,B,string,自動収集,
statable_gui\main_window.py,797,B,comment,プロジェクト設定を反映,settings
statable_gui\main_window.py,809,B,comment,既存タブのライブラリ参照を更新,
statable_gui\main_window.py,857,B,comment,タブ管理,
statable_gui\main_window.py,898,B,comment,層名未設定ならタブ名をデフォルト層名に,settings / layer
statable_gui\main_window.py,927,B,comment,ログ・検証・コード生成,
statable_gui\main_window.py,952,B,comment,複数層対応ヘルパー,layer
statable_gui\main_window.py,954,B,string,全タブの リストを優先度昇順で返す,priority
statable_gui\main_window.py,979,B,comment,全タブを層として収集,layer
statable_gui\main_window.py,997,B,comment,全層を渡す,layer
statable_gui\main_window.py,1016,B,comment,生成コード直接保存（複数層 警告収集対応）,layer / warning
statable_gui\main_window.py,1026,B,string,警告,warning
statable_gui\main_window.py,1027,B,string,出力先ディレクトリが設定されていません,settings
statable_gui\main_window.py,1028,B,string,先に設定ダイアログで出力先を,settings
statable_gui\main_window.py,1029,B,string,指定してください,
statable_gui\main_window.py,1036,B,comment,全タブを層として収集,layer
statable_gui\main_window.py,1040,B,string,警告 タブがありません,warning
statable_gui\main_window.py,1055,B,comment,複数層生成,layer
statable_gui\main_window.py,1080,B,string,エラー,error
statable_gui\main_window.py,1081,B,string,コード生成に失敗しました,failure
statable_gui\main_window.py,1089,B,string,保存完了,completed
statable_gui\main_window.py,1090,B,string,ファイルを保存しました,
statable_gui\main_window.py,1091,B,string,層数,layer
statable_gui\main_window.py,1092,B,string,出力先,
statable_gui\main_window.py,1102,B,string,生成時の警告,warning
statable_gui\main_window.py,1103,B,string,以下の警告が発生しました,warning
statable_gui\main_window.py,1104,B,string,・,
statable_gui\matrix_table.py,3,B,other,状態遷移表ウィジェット（ エディタ直接起動対応）,state / transition / start
statable_gui\matrix_table.py,41,B,string,タイトル,title
statable_gui\matrix_table.py,42,B,string,遷移先 内部,transition
statable_gui\matrix_table.py,44,B,string,イベント,event
statable_gui\matrix_table.py,46,B,string,イベント 完了遷移,event / transition / completed
statable_gui\matrix_table.py,48,B,string,状態遷移条件,state / transition / condition
statable_gui\matrix_table.py,76,B,comment,デバッグログ 初期化時の共有ライブラリ内容,initialization / debug
statable_gui\matrix_table.py,109,B,string,完了,completed
statable_gui\matrix_table.py,127,B,string,遷移なし,transition
statable_gui\matrix_table.py,152,B,string,無題遷移,transition
statable_gui\matrix_table.py,158,B,string,内部,
statable_gui\matrix_table.py,171,B,string,内部,
statable_gui\matrix_table.py,178,B,other,遷移編集ダイアログを開く,transition
statable_gui\matrix_table.py,180,B,other,変更 に を渡す（ ）,
statable_gui\matrix_table.py,181,B,other,がこれを最優先で参照するため,
statable_gui\matrix_table.py,182,B,other,ここで の層名を明示的に引き継ぐ,layer
statable_gui\matrix_table.py,191,B,string,完了,completed
statable_gui\matrix_table.py,202,B,comment,の を取得（空なら 側のフォールバックに任せる）,
statable_gui\matrix_table.py,208,B,other,追加,
statable_gui\matrix_table.py,215,B,comment,共有ライブラリ 現在の のロール関数をマージ,role function / function
statable_gui\matrix_table.py,216,B,comment,（共有ライブラリが空でも のローカル関数を選べるようにする）,function
statable_gui\matrix_table.py,217,B,comment,以降 ロール関数は （ 等）で扱う,role function / function
statable_gui\matrix_table.py,221,B,comment,共有ライブラリから,
statable_gui\matrix_table.py,228,B,comment,現在の のロール関数から,role function / function
statable_gui\matrix_table.py,237,B,comment,デバッグログ に渡す内容,debug
statable_gui\matrix_table.py,276,B,string,完了,completed
statable_gui\preferences.py,9,B,other,アプリケーション設定を ファイルで保持する（キー名は別ファイルで定義）,settings / definition / application / application
statable_gui\preferences.py,11,B,other,の に登録されたキーは,
statable_gui\preferences.py,12,B,other,のように属性アクセスで読み書きできる,
statable_gui\preferences.py,24,B,string,定義されたキーが未保存ならデフォルト値を設定,settings / definition
statable_gui\preferences.py,34,B,string,ファイルから設定を読み込む,settings
statable_gui\preferences.py,43,B,string,現在の設定を ファイルに保存する,settings
statable_gui\preferences.py,49,B,comment,書き込み失敗時は無視（必要に応じてログ出力）,failure / ignore
statable_gui\preferences.py,53,B,string,設定値をキー名で取得する（従来方式）,settings
statable_gui\preferences.py,57,B,string,設定値をキー名で更新し 即座に保存する,settings
statable_gui\preferences.py,62,B,comment,属性アクセス（ など）,
statable_gui\preferences.py,65,B,comment,定義済みキーなら値を返す,definition
statable_gui\preferences.py,68,B,comment,未定義の属性は通常のエラー,error / definition
statable_gui\preferences.py,72,B,comment,定義済みキーなら設定と保存を行う,settings / definition
statable_gui\preferences.py,77,B,comment,定義済み以外は通常の属性として設定,settings / definition
statable_gui\preference_keys.py,1,B,other,環境設定の定義（キー名とデフォルト値）,settings / definition
statable_gui\preference_keys.py,3,B,other,設定項目を追加・変更する場合は このファイルの に,settings
statable_gui\preference_keys.py,4,B,other,エントリを追加 編集するだけでよい,
statable_gui\preference_keys.py,10,B,comment,設定項目の定義（キー名 デフォルト値）,settings / definition
statable_gui\preference_keys.py,11,B,comment,ここに項目を追加するだけで クラスから属性アクセス可能になる,
statable_gui\preference_keys.py,14,B,comment,最終使用フォルダ,
statable_gui\preference_keys.py,15,B,other,プロジェクト,
statable_gui\preference_keys.py,16,B,other,ソース出力先,
statable_gui\preference_keys.py,17,B,other,仕様書類の場所,
statable_gui\preference_keys.py,18,B,other,エクスポート先,
statable_gui\preference_keys.py,20,B,comment,イベント配送設定,event / settings
statable_gui\preference_keys.py,21,B,other,で使われる を へ自動変換,
statable_gui\role_function_dialog.py,10,B,string,ロール関数の新規登録・編集用ダイアログ,role function / function
statable_gui\role_function_dialog.py,13,B,string,ロール関数編集,role function / function
statable_gui\role_function_dialog.py,17,B,comment,タイトル入力欄（必須・仮タイトル自動設定）,settings / title
statable_gui\role_function_dialog.py,20,B,string,一覧に表示されるラベル（空なら自動設定）,settings
statable_gui\role_function_dialog.py,21,B,string,このロール関数のタイトルを入力してください 空の場合は自動で仮タイトルが設定されます,role function / settings / title / function
statable_gui\role_function_dialog.py,22,B,string,タイトル,title
statable_gui\role_function_dialog.py,26,B,string,関数名,function
statable_gui\role_function_dialog.py,28,B,comment,新規 名前空間（ ）入力欄,namespace
statable_gui\role_function_dialog.py,33,B,string,例 （空なら層なし）,layer
statable_gui\role_function_dialog.py,35,B,string,名前空間（層名・機能グループ名）,namespace / layer
statable_gui\role_function_dialog.py,36,B,string,指定すると の形式で参照できます,
statable_gui\role_function_dialog.py,37,B,string,空の場合は層なし扱い（ ）となります,layer
statable_gui\role_function_dialog.py,39,B,string,名前空間,namespace
statable_gui\role_function_dialog.py,43,B,string,説明,description
statable_gui\role_function_dialog.py,47,B,string,戻り値型,return value / type
statable_gui\role_function_dialog.py,51,B,string,引数 型,argument / type
statable_gui\role_function_dialog.py,54,B,string,引数 名,argument
statable_gui\role_function_dialog.py,58,B,string,引数 型,argument / type
statable_gui\role_function_dialog.py,61,B,string,引数 名,argument
statable_gui\role_function_dialog.py,71,B,string,ボタン：タイトルが空なら仮タイトルを自動設定,settings / title
statable_gui\role_function_dialog.py,73,B,string,ロール関数 無名,role function / function
statable_gui\role_function_dialog.py,80,B,other,変更,
statable_gui\role_function_dialog.py,81,B,other,を設定 および全引数を で指定,settings / argument
statable_gui\role_function_dialog.py,82,B,other,の が 化されたため,
statable_gui\role_function_dialog.py,83,B,other,位置引数では構築できません,argument
statable_gui\role_function_dialog.py,87,B,other,新規追加,
statable_gui\sample_data.py,1,B,string,サンプルデータ生成（ 層リエクスポート）,layer
statable_gui\symbol_picker.py,14,B,string,グローバル変数・イベントフラグ・ロール関数戻り値を選択する共通ウィジェット,event / role function / variable / flag / return value / function
statable_gui\symbol_picker.py,25,B,comment,タイトル,title
statable_gui\symbol_picker.py,26,B,string,グローバル変数・イベントフラグ・戻り値一覧,event / variable / flag / return value
statable_gui\symbol_picker.py,30,B,comment,検索,
statable_gui\symbol_picker.py,31,B,string,検索（前方一致）,
statable_gui\symbol_picker.py,34,B,string,タイトル・メンバ名・グループ名を入力,title
statable_gui\symbol_picker.py,38,B,comment,一覧,
statable_gui\symbol_picker.py,43,B,comment,登録ボタン,
statable_gui\symbol_picker.py,45,B,string,変数登録,variable
statable_gui\symbol_picker.py,49,B,string,フラグ登録,flag
statable_gui\symbol_picker.py,54,B,comment,グローバル定義を開く,definition
statable_gui\symbol_picker.py,55,B,string,グローバル定義を開く,definition
statable_gui\symbol_picker.py,63,B,comment,一覧更新,
statable_gui\symbol_picker.py,71,B,comment,グローバル変数,variable
statable_gui\symbol_picker.py,74,B,string,変数,variable
statable_gui\symbol_picker.py,77,B,string,種別 グローバル変数,variable
statable_gui\symbol_picker.py,78,B,string,タイトル,title
statable_gui\symbol_picker.py,79,B,string,名前,
statable_gui\symbol_picker.py,80,B,string,型,type
statable_gui\symbol_picker.py,81,B,string,単位,
statable_gui\symbol_picker.py,82,B,string,初期値,
statable_gui\symbol_picker.py,83,B,string,グループ,
statable_gui\symbol_picker.py,84,B,string,説明,description
statable_gui\symbol_picker.py,88,B,comment,イベントフラグ,event / flag
statable_gui\symbol_picker.py,91,B,string,フラグ,flag
statable_gui\symbol_picker.py,94,B,string,種別 イベントフラグ,event / flag
statable_gui\symbol_picker.py,95,B,string,タイトル,title
statable_gui\symbol_picker.py,96,B,string,名前,
statable_gui\symbol_picker.py,97,B,string,最小値,
statable_gui\symbol_picker.py,98,B,string,最大値,
statable_gui\symbol_picker.py,99,B,string,ビット幅,
statable_gui\symbol_picker.py,100,B,string,グループ,
statable_gui\symbol_picker.py,101,B,string,説明,description
statable_gui\symbol_picker.py,105,B,comment,ロール関数戻り値（一時変数）,role function / variable / return value / function
statable_gui\symbol_picker.py,109,B,string,戻り値,return value
statable_gui\symbol_picker.py,112,B,string,種別 ロール関数戻り値,role function / return value / function
statable_gui\symbol_picker.py,113,B,string,関数,function
statable_gui\symbol_picker.py,114,B,string,一時変数,variable
statable_gui\symbol_picker.py,131,B,comment,ダブルクリック,
statable_gui\symbol_picker.py,140,B,comment,登録,
statable_gui\validation_dialog.py,3,B,other,検証・ 連携ダイアログ,
statable_gui\validation_dialog.py,4,B,other,対応,
statable_gui\validation_dialog.py,35,B,string,検証・ 連携ダイアログ,
statable_gui\validation_dialog.py,48,B,string,コード生成前検証・ 診断,
statable_gui\validation_dialog.py,55,B,string,を構築,
statable_gui\validation_dialog.py,58,B,comment,タブウィジェット,
statable_gui\validation_dialog.py,62,B,comment,検証結果タブ,
statable_gui\validation_dialog.py,65,B,string,検証結果,
statable_gui\validation_dialog.py,67,B,comment,プロンプトタブ,
statable_gui\validation_dialog.py,70,B,string,プロンプト,
statable_gui\validation_dialog.py,72,B,comment,回答タブ,
statable_gui\validation_dialog.py,75,B,string,回答取り込み,
statable_gui\validation_dialog.py,77,B,comment,変更一覧タブ,
statable_gui\validation_dialog.py,80,B,string,変更一覧・反映,
statable_gui\validation_dialog.py,82,B,comment,閉じるボタン,
statable_gui\validation_dialog.py,84,B,string,閉じる,
statable_gui\validation_dialog.py,91,B,string,検証結果タブのセットアップ,
statable_gui\validation_dialog.py,94,B,comment,サマリーラベル,
statable_gui\validation_dialog.py,99,B,comment,問題リスト,
statable_gui\validation_dialog.py,101,B,string,重大度 カテゴリ メッセージ 対象 修正提案,
statable_gui\validation_dialog.py,109,B,comment,再検証ボタン,
statable_gui\validation_dialog.py,110,B,string,再検証,
statable_gui\validation_dialog.py,115,B,string,プロンプトタブのセットアップ,
statable_gui\validation_dialog.py,118,B,comment,説明ラベル,description
statable_gui\validation_dialog.py,120,B,string,以下の手順で 診断を行います：,
statable_gui\validation_dialog.py,121,B,string,コピー ボタンでプロンプトをクリップボードにコピー,
statable_gui\validation_dialog.py,122,B,string,等に貼り付けて質問,
statable_gui\validation_dialog.py,123,B,string,の回答をコピー,
statable_gui\validation_dialog.py,124,B,string,回答取り込み タブで回答を貼り付け,
statable_gui\validation_dialog.py,129,B,comment,コピーボタン,
statable_gui\validation_dialog.py,130,B,string,プロンプトをコピー,
statable_gui\validation_dialog.py,134,B,comment,プロンプトプレビュー,
statable_gui\validation_dialog.py,140,B,string,回答タブのセットアップ,
statable_gui\validation_dialog.py,143,B,comment,貼り付けボタン,
statable_gui\validation_dialog.py,144,B,string,クリップボードから貼り付け,
statable_gui\validation_dialog.py,148,B,comment,回答入力,
statable_gui\validation_dialog.py,150,B,string,の回答をここに貼り付けてください,
statable_gui\validation_dialog.py,153,B,comment,解析ボタン,
statable_gui\validation_dialog.py,154,B,string,回答を解析して変更一覧を生成,
statable_gui\validation_dialog.py,159,B,string,変更一覧タブのセットアップ,
statable_gui\validation_dialog.py,162,B,comment,変更一覧,
statable_gui\validation_dialog.py,164,B,string,選択 アクション パラメータ 理由,action
statable_gui\validation_dialog.py,171,B,comment,反映ボタン,
statable_gui\validation_dialog.py,172,B,string,選択した変更を反映,
statable_gui\validation_dialog.py,177,B,string,検証を実行,execute
statable_gui\validation_dialog.py,181,B,comment,サマリー更新,
statable_gui\validation_dialog.py,182,B,string,エラー,error
statable_gui\validation_dialog.py,183,B,string,警告,warning
statable_gui\validation_dialog.py,184,B,string,情報,info
statable_gui\validation_dialog.py,187,B,comment,問題リスト更新,
statable_gui\validation_dialog.py,190,B,other,赤,
statable_gui\validation_dialog.py,191,B,other,オレンジ,
statable_gui\validation_dialog.py,192,B,other,青,
statable_gui\validation_dialog.py,203,B,comment,重大度に応じた色付け,
statable_gui\validation_dialog.py,208,B,comment,プロンプト生成,
statable_gui\validation_dialog.py,217,B,string,プロンプトをクリップボードにコピー,
statable_gui\validation_dialog.py,222,B,string,コピー完了,completed
statable_gui\validation_dialog.py,223,B,string,プロンプトをクリップボードにコピーしました,
statable_gui\validation_dialog.py,224,B,string,等に貼り付けて質問してください,
statable_gui\validation_dialog.py,226,B,string,エラー クリップボードへのコピーに失敗しました,error / failure
statable_gui\validation_dialog.py,229,B,string,クリップボードから 回答を貼り付け,
statable_gui\validation_dialog.py,234,B,string,警告 クリップボードが空です,warning
statable_gui\validation_dialog.py,237,B,string,回答を解析,
statable_gui\validation_dialog.py,240,B,string,警告 回答が入力されていません,warning
statable_gui\validation_dialog.py,245,B,comment,変更一覧を表示,
statable_gui\validation_dialog.py,256,B,comment,タブを変更一覧に切り替え,
statable_gui\validation_dialog.py,259,B,string,解析完了,completed
statable_gui\validation_dialog.py,260,B,string,件の変更を抽出しました,
statable_gui\validation_dialog.py,263,B,string,選択した変更を反映,
statable_gui\validation_dialog.py,271,B,string,警告 反映する変更が選択されていません,warning
statable_gui\validation_dialog.py,277,B,string,反映完了,completed
statable_gui\validation_dialog.py,278,B,string,件の変更を反映しました,
statable_gui\validation_dialog.py,279,B,string,失敗 件,failure
statable_gui\validation_dialog.py,281,B,comment,再検証,
statable_gui\validation_dialog.py,286,B,string,検証ダイアログを表示するヘルパー関数,function
statable_gui\widgets.py,3,B,other,メインウィジェット（共有ライブラリ対応版）,
statable_gui\widgets.py,6,B,other,判定用,
statable_gui\widgets.py,19,B,comment,自体を環境変数で分岐,variable
statable_gui\widgets.py,20,B,comment,のとき しない,
statable_gui\widgets.py,21,B,comment,ランタイムが初期化されず リーク警告が出ない,initialization / warning
statable_gui\widgets.py,22,B,comment,通常時 従来通り,
statable_gui\widgets.py,61,B,other,図のプレビューウィジェット,
statable_gui\widgets.py,63,B,other,環境変数 で を無効化できる,variable
statable_gui\widgets.py,64,B,other,（テスト時に の リーク警告を避けるため）,warning
statable_gui\widgets.py,76,B,comment,テストモード を生成しない,
statable_gui\widgets.py,88,B,comment,通常モード,
statable_gui\widgets.py,105,B,string,が利用できません,
statable_gui\widgets.py,106,B,string,をインストールしてください,
statable_gui\widgets.py,116,B,comment,テストモード 何もしない,
statable_gui\widgets.py,196,B,string,名称 説明 関数 関数 関数 タイプ,description / name / function
statable_gui\widgets.py,201,B,string,追加,
statable_gui\widgets.py,203,B,string,削除,
statable_gui\widgets.py,208,B,string,状態一覧,state
statable_gui\widgets.py,212,B,comment,変更 列 列（名前空間列を挿入）,namespace
statable_gui\widgets.py,215,B,string,タイトル 関数名 名前空間 説明 戻り値型,title / description / namespace / return value / function / type
statable_gui\widgets.py,216,B,string,引数 型 引数 名 引数 型 引数 名,argument / type
statable_gui\widgets.py,222,B,string,追加,
statable_gui\widgets.py,224,B,string,削除,
statable_gui\widgets.py,230,B,string,イベント定義,event / definition
statable_gui\widgets.py,234,B,string,ロール関数,role function / function
statable_gui\widgets.py,256,B,string,ダブルクリックで編集,
statable_gui\widgets.py,259,B,string,ダブルクリックで編集,
statable_gui\widgets.py,262,B,string,ダブルクリックで編集,
statable_gui\widgets.py,273,B,other,変更 名前空間列 を追加,namespace
statable_gui\widgets.py,274,B,other,旧 列 新 列,
statable_gui\widgets.py,275,B,other,タイトル,title
statable_gui\widgets.py,276,B,other,関数名,function
statable_gui\widgets.py,277,B,other,名前空間 新規,namespace
statable_gui\widgets.py,278,B,other,説明,description
statable_gui\widgets.py,279,B,other,戻り値型,return value / type
statable_gui\widgets.py,280,B,other,引数 型,argument / type
statable_gui\widgets.py,281,B,other,引数 名,argument
statable_gui\widgets.py,282,B,other,引数 型,argument / type
statable_gui\widgets.py,283,B,other,引数 名,argument
statable_gui\widgets.py,290,B,other,新規,
statable_gui\widgets.py,355,B,string,警告 同名のロール関数が既に存在します,role function / function / warning
statable_gui\widgets.py,364,B,comment,関数名は列 （変更なし）,function
statable_gui\widgets.py,382,B,other,変更 を で構築し を保持,
statable_gui\widgets.py,384,B,other,旧コード（ まで）,
statable_gui\widgets.py,385,B,other,位置引数,argument
statable_gui\widgets.py,386,B,other,の 挿入により全フィールドが つずつずれ,
statable_gui\widgets.py,387,B,other,に が混入するバグ（ ）,
statable_gui\widgets.py,389,B,other,新コード（ ）,
statable_gui\widgets.py,392,B,comment,状態テーブルの反映,state
statable_gui\widgets.py,412,B,comment,ロール関数テーブルの反映,role function / function
statable_gui\widgets.py,415,B,comment,新列順 タイトル 関数名 名前空間 説明,title / description / namespace / function
statable_gui\widgets.py,416,B,comment,戻り値型 引数 型 引数 名 引数 型 引数 名,return value / argument / type
statable_gui\widgets.py,428,B,comment,全 で構築（ 対応 保持）,
statable_gui\__init__.py,3,B,other,層,layer
statable_gui\__init__.py,5,B,other,追加,
statable_gui\__init__.py,6,B,other,再エクスポートは最小限に留める,
statable_gui\__init__.py,7,B,other,依存の重いモジュール（ 等）は,
statable_gui\__init__.py,8,B,other,明示的に することを推奨,
statable_gui\__init__.py,11,B,comment,設定・環境,settings
statable_gui\__init__.py,14,B,comment,ロガー（軽量・依存小）,
statable_gui\__init__.py,26,B,comment,注意,
statable_gui\__init__.py,27,B,comment,等は再エクスポートしない,
statable_gui\__init__.py,28,B,comment,の 生成前にロードするとエラーの原因になるため,error
statable_gui\__init__.py,29,B,comment,利用側で と,
statable_gui\__init__.py,30,B,comment,明示的に すること,
statable_gui\libcntrl\condition_library.py,3,B,other,共有遷移条件ライブラリ,transition / condition
statable_gui\libcntrl\condition_library.py,12,B,string,共有遷移条件テンプレート,transition / condition
statable_gui\libcntrl\condition_library.py,13,B,other,テンプレート名,
statable_gui\libcntrl\condition_library.py,14,B,other,条件式（リテラル名含む）,condition
statable_gui\libcntrl\condition_library.py,34,B,string,プロジェクト全体で共有する遷移条件ライブラリ,transition / condition
statable_gui\libcntrl\literal_library.py,3,B,other,共有リテラルライブラリ,
statable_gui\libcntrl\literal_library.py,12,B,string,共有リテラル定義,definition
statable_gui\libcntrl\literal_library.py,13,B,other,一意なリテラル名,
statable_gui\libcntrl\literal_library.py,14,B,other,値,
statable_gui\libcntrl\literal_library.py,37,B,string,プロジェクト全体で共有するリテラルライブラリ,
statable_gui\libcntrl\literal_management_dialog.py,3,B,other,リテラル管理ダイアログ（表形式・編集修正版）,
statable_gui\libcntrl\literal_management_dialog.py,17,B,string,共有リテラルの管理ダイアログ（表形式）,
statable_gui\libcntrl\literal_management_dialog.py,23,B,string,リテラル管理,
statable_gui\libcntrl\literal_management_dialog.py,33,B,string,名前 値 型 説明,description / type
statable_gui\libcntrl\literal_management_dialog.py,41,B,string,追加,
statable_gui\libcntrl\literal_management_dialog.py,43,B,string,編集,
statable_gui\libcntrl\literal_management_dialog.py,45,B,string,削除,
statable_gui\libcntrl\literal_management_dialog.py,52,B,string,閉じる,
statable_gui\libcntrl\literal_management_dialog.py,87,B,string,警告,warning
statable_gui\libcntrl\literal_management_dialog.py,92,B,string,情報 編集するリテラルを選択してください,info
statable_gui\libcntrl\literal_management_dialog.py,103,B,comment,編集時は常に旧エントリを削除してから追加する,
statable_gui\libcntrl\literal_management_dialog.py,109,B,comment,失敗した場合は元に戻す,failure
statable_gui\libcntrl\literal_management_dialog.py,111,B,string,警告,warning
statable_gui\libcntrl\literal_management_dialog.py,116,B,string,情報 削除するリテラルを選択してください,info
statable_gui\libcntrl\literal_management_dialog.py,121,B,string,確認,
statable_gui\libcntrl\literal_management_dialog.py,122,B,string,リテラル を削除しますか？,
statable_gui\libcntrl\literal_management_dialog.py,123,B,string,このリテラルを使用している遷移条件がある場合は,transition / condition
statable_gui\libcntrl\literal_management_dialog.py,124,B,string,該当の条件式からも削除する必要があります,condition
statable_gui\libcntrl\literal_management_dialog.py,133,B,string,リテラルの追加・編集用ダイアログ,
statable_gui\libcntrl\literal_management_dialog.py,139,B,string,リテラル編集 リテラル追加,
statable_gui\libcntrl\literal_management_dialog.py,148,B,string,名前,
statable_gui\libcntrl\literal_management_dialog.py,153,B,string,値,
statable_gui\libcntrl\literal_management_dialog.py,158,B,string,型,type
statable_gui\libcntrl\literal_management_dialog.py,163,B,string,説明,description
statable_gui\libcntrl\literal_management_dialog.py,175,B,string,警告 名前を入力してください,warning
statable_gui\libcntrl\role_function_edit_dialog.py,3,B,other,ロール関数編集ダイアログ,role function / function
statable_gui\libcntrl\role_function_edit_dialog.py,18,B,string,共有ロール関数の編集ダイアログ,role function / function
statable_gui\libcntrl\role_function_edit_dialog.py,31,B,string,ロール関数編集,role function / function
statable_gui\libcntrl\role_function_edit_dialog.py,42,B,string,関数名,function
statable_gui\libcntrl\role_function_edit_dialog.py,44,B,string,表示名,
statable_gui\libcntrl\role_function_edit_dialog.py,46,B,string,説明,description
statable_gui\libcntrl\role_function_edit_dialog.py,49,B,comment,使用グローバル変数,variable
statable_gui\libcntrl\role_function_edit_dialog.py,50,B,string,使用グローバル変数,variable
statable_gui\libcntrl\role_function_edit_dialog.py,62,B,comment,使用イベント,event
statable_gui\libcntrl\role_function_edit_dialog.py,63,B,string,使用イベント,event
statable_gui\libcntrl\role_function_edit_dialog.py,75,B,comment,使用リテラル,
statable_gui\libcntrl\role_function_edit_dialog.py,76,B,string,使用リテラル（既存から選択）,
statable_gui\libcntrl\role_function_library.py,3,B,other,共有ロール関数ライブラリ,role function / function
statable_gui\libcntrl\role_function_library.py,12,B,other,共有ロール関数定義,role function / definition / function
statable_gui\libcntrl\role_function_library.py,14,B,other,層名・機能グループ名（例 ）,layer
statable_gui\libcntrl\role_function_library.py,15,B,other,のように参照可能,
statable_gui\libcntrl\role_function_library.py,16,B,other,空文字の場合は層なし扱い,layer
statable_gui\libcntrl\role_function_library.py,18,B,other,純粋名（例 ）,
statable_gui\libcntrl\role_function_library.py,19,B,string,名前空間（例 ）,namespace
statable_gui\libcntrl\role_function_library.py,32,B,string,表示用 または,
statable_gui\libcntrl\role_function_library.py,62,B,string,プロジェクト全体で共有するロール関数ライブラリ,role function / function
statable_gui\libcntrl\role_function_library.py,68,B,string,ライブラリ内での一意キー,
statable_gui\libcntrl\role_function_library.py,78,B,string,は でも純粋名でも,
statable_gui\libcntrl\role_function_library.py,82,B,comment,純粋名での検索,
statable_gui\libcntrl\role_function_library.py,89,B,string,は でも純粋名でも,
statable_gui\libcntrl\role_function_library.py,113,B,other,重複は無視,ignore
statable_gui\libcntrl\__init__.py,3,B,other,共有ライブラリ管理パッケージ,
statable_gui\transition_editor_direct\canvas_widget.py,3,B,other,キャンバスウィジェット（案 ：順序リスト方式対応版）,
statable_gui\transition_editor_direct\canvas_widget.py,4,B,other,ノードのドラッグ移動を無効化,
statable_gui\transition_editor_direct\canvas_widget.py,5,B,other,ドラッグ試行時にメッセージ表示,
statable_gui\transition_editor_direct\canvas_widget.py,6,B,other,フローアイテムの順序に基づく自動整列（子ノード込み）,
statable_gui\transition_editor_direct\canvas_widget.py,7,B,other,ノードは常に 行表示（イベント名・条件・遷移先）,event / transition / condition
statable_gui\transition_editor_direct\canvas_widget.py,8,B,other,未定義項目は 条件 なし 未設定 と明示,settings / definition / condition
statable_gui\transition_editor_direct\canvas_widget.py,9,B,other,テキスト色を白に変更し視認性向上,
statable_gui\transition_editor_direct\canvas_widget.py,10,B,other,ドロップ時のターゲット検出を改善（テキストアイテムを透過）,
statable_gui\transition_editor_direct\canvas_widget.py,11,B,other,の上へのドロップも親 に追加,
statable_gui\transition_editor_direct\canvas_widget.py,57,B,comment,デバッグログ 受け取ったテキストを出力,debug
statable_gui\transition_editor_direct\canvas_widget.py,64,B,comment,テキストアイテムを作成,
statable_gui\transition_editor_direct\canvas_widget.py,68,B,comment,テキストアイテムがマウスイベントを受け取らないようにする,event
statable_gui\transition_editor_direct\canvas_widget.py,71,B,comment,ノードのサイズと表示内容を設定,settings
statable_gui\transition_editor_direct\canvas_widget.py,73,B,comment,常に 行表示（イベント名・条件・遷移先）に固定,event / transition / condition
statable_gui\transition_editor_direct\canvas_widget.py,79,B,comment,条件式が空なら 条件 なし を表示,condition
statable_gui\transition_editor_direct\canvas_widget.py,81,B,string,条件,condition
statable_gui\transition_editor_direct\canvas_widget.py,83,B,string,条件 なし,condition
statable_gui\transition_editor_direct\canvas_widget.py,84,B,comment,遷移先が空なら 未設定 を表示,transition / settings
statable_gui\transition_editor_direct\canvas_widget.py,88,B,string,未設定,settings
statable_gui\transition_editor_direct\canvas_widget.py,90,B,comment,が無い場合も 行を維持,
statable_gui\transition_editor_direct\canvas_widget.py,91,B,string,条件 なし,condition
statable_gui\transition_editor_direct\canvas_widget.py,92,B,string,未設定,settings
statable_gui\transition_editor_direct\canvas_widget.py,103,B,comment,矩形を設定,settings
statable_gui\transition_editor_direct\canvas_widget.py,109,B,comment,キャンバス内でのドラッグ移動を完全に無効化（案 ）,
statable_gui\transition_editor_direct\canvas_widget.py,114,B,comment,ドラッグ試行検出用,
statable_gui\transition_editor_direct\canvas_widget.py,124,B,comment,ダブルクリックを正しく処理するため はしない,
statable_gui\transition_editor_direct\canvas_widget.py,133,B,string,操作不可,
statable_gui\transition_editor_direct\canvas_widget.py,134,B,string,キャンバス内でのノード移動はできません 順序リストで並べ替えてください,
statable_gui\transition_editor_direct\canvas_widget.py,162,B,string,編集,
statable_gui\transition_editor_direct\canvas_widget.py,166,B,string,上へ,
statable_gui\transition_editor_direct\canvas_widget.py,169,B,string,下へ,
statable_gui\transition_editor_direct\canvas_widget.py,173,B,string,複製,
statable_gui\transition_editor_direct\canvas_widget.py,176,B,string,削除,
statable_gui\transition_editor_direct\canvas_widget.py,184,B,string,遷移条件ノード ・上にロール関数をドロップで直前処理追加 ・ダブルクリックで条件を編集 ・右クリックで各種操作,transition / role function / condition / function
statable_gui\transition_editor_direct\canvas_widget.py,186,B,string,ロール関数ノード ・ダブルクリックで関数名を変更,role function / function
statable_gui\transition_editor_direct\canvas_widget.py,188,B,string,遷移直前処理 ・順序リストで並べ替え,transition
statable_gui\transition_editor_direct\canvas_widget.py,190,B,string,条件 ・上に関数をドロップで アクション追加,condition / action / function
statable_gui\transition_editor_direct\canvas_widget.py,192,B,string,アクション ・順序リストで並べ替え,action
statable_gui\transition_editor_direct\canvas_widget.py,231,B,other,指定シーン座標にある を探す,
statable_gui\transition_editor_direct\canvas_widget.py,232,B,other,などの子アイテムを透過して 親の を返す,
statable_gui\transition_editor_direct\canvas_widget.py,274,B,comment,側で 行表示を行う,
statable_gui\transition_editor_direct\canvas_widget.py,291,B,string,（未設定）,settings
statable_gui\transition_editor_direct\canvas_widget.py,313,B,comment,デバッグログ シーン矩形とビューポート情報,info / debug
statable_gui\transition_editor_direct\canvas_widget.py,439,B,comment,または に追加,
statable_gui\transition_editor_direct\canvas_widget.py,446,B,comment,または に追加,
statable_gui\transition_editor_direct\canvas_widget.py,454,B,comment,どこにも追加されなかった場合は,
statable_gui\transition_editor_direct\code_widget.py,3,B,other,コード表示ウィジェット（読み取り専用 対応）,
statable_gui\transition_editor_direct\code_widget.py,4,B,other,デバッグログ強化版,debug
statable_gui\transition_editor_direct\code_widget.py,5,B,other,各 の処理内容を詳細に出力,
statable_gui\transition_editor_direct\code_widget.py,7,B,other,修正,
statable_gui\transition_editor_direct\code_widget.py,8,B,other,という古い形式を廃止,
statable_gui\transition_editor_direct\code_widget.py,9,B,other,実ファイル生成（ ）と整合する形式に統一,
statable_gui\transition_editor_direct\code_widget.py,10,B,comment,戻り値 （ の規約に合わせる）,return value
statable_gui\transition_editor_direct\code_widget.py,11,B,comment,関数名 （ドットを に変換）,function
statable_gui\transition_editor_direct\code_widget.py,12,B,comment,引数順,argument
statable_gui\transition_editor_direct\code_widget.py,13,B,other,（ ）から と を分離,
statable_gui\transition_editor_direct\code_widget.py,25,B,comment,識別子として有効な形式（ などを弾く）,
statable_gui\transition_editor_direct\code_widget.py,56,B,comment,層名と型名の解決,type / layer
statable_gui\transition_editor_direct\code_widget.py,60,B,other,から層名を推定,layer
statable_gui\transition_editor_direct\code_widget.py,62,B,other,等から推測できないため,
statable_gui\transition_editor_direct\code_widget.py,63,B,string,関数名に含まれる （ の ）,function
statable_gui\transition_editor_direct\code_widget.py,64,B,other,を集計し 最頻値を採用する,
statable_gui\transition_editor_direct\code_widget.py,65,B,other,判定不能なら空文字（層なし）,layer
statable_gui\transition_editor_direct\code_widget.py,67,B,comment,に 属性があればそれを使う（将来拡張）,
statable_gui\transition_editor_direct\code_widget.py,72,B,comment,参照関数の を集計,function
statable_gui\transition_editor_direct\code_widget.py,96,B,comment,参照名 関数名,function
statable_gui\transition_editor_direct\code_widget.py,100,B,other,参照文字列を に変換,
statable_gui\transition_editor_direct\code_widget.py,102,B,other,入力例,
statable_gui\transition_editor_direct\code_widget.py,106,B,other,（既にプレフィックス付き）,
statable_gui\transition_editor_direct\code_widget.py,107,B,other,（不正な識別子）,
statable_gui\transition_editor_direct\code_widget.py,115,B,comment,引数部分を除去,argument
statable_gui\transition_editor_direct\code_widget.py,119,B,comment,既に で始まる場合はそのまま,
statable_gui\transition_editor_direct\code_widget.py,136,B,comment,単純名,
statable_gui\transition_editor_direct\code_widget.py,146,B,comment,コード生成,
statable_gui\transition_editor_direct\code_widget.py,154,B,comment,システムグローバル定義（あれば）,definition / system
statable_gui\transition_editor_direct\code_widget.py,160,B,comment,ロール関数プロトタイプ収集（重複除去）,role function / function
statable_gui\transition_editor_direct\code_widget.py,178,B,comment,実ファイル生成と一致する形式で出力,
statable_gui\transition_editor_direct\code_widget.py,183,B,string,未定義参照（無効な識別子）,definition
statable_gui\transition_editor_direct\code_widget.py,193,B,comment,本体,
statable_gui\transition_editor_direct\code_widget.py,221,B,string,不正な参照,
statable_gui\transition_editor_direct\code_widget.py,226,B,string,遷移先未設定,transition / settings
statable_gui\transition_editor_direct\code_widget.py,238,B,string,不正な参照,
statable_gui\transition_editor_direct\code_widget.py,243,B,string,遷移先（未設定）,transition / settings
statable_gui\transition_editor_direct\code_widget.py,249,B,string,遷移先未設定,transition / settings
statable_gui\transition_editor_direct\code_widget.py,256,B,string,不正な参照,
statable_gui\transition_editor_direct\code_widget.py,258,B,comment,デバッグログ,debug
statable_gui\transition_editor_direct\dialog.py,3,B,other,動作編集メインダイアログ（共有ライブラリ対応・ノード編集対応）,
statable_gui\transition_editor_direct\dialog.py,59,B,string,動作編集,
statable_gui\transition_editor_direct\dialog.py,70,B,string,自動整列,
statable_gui\transition_editor_direct\dialog.py,83,B,comment,ライブラリオブジェクトを直接渡す,
statable_gui\transition_editor_direct\dialog.py,96,B,string,フロー編集,
statable_gui\transition_editor_direct\dialog.py,99,B,string,コード,
statable_gui\transition_editor_direct\dialog.py,101,B,comment,シグナル接続,connection
statable_gui\transition_editor_direct\dialog.py,112,B,string,システムグローバル,system
statable_gui\transition_editor_direct\dialog.py,118,B,string,キャンセル,
statable_gui\transition_editor_direct\dialog.py,212,B,comment,遷移先ステートの選択肢をステートマシンから取得,transition
statable_gui\transition_editor_direct\dialog.py,221,B,other,現在の遷移先を渡す,transition
statable_gui\transition_editor_direct\dialog.py,222,B,other,現在の 遷移先を渡す,transition
statable_gui\transition_editor_direct\dialog.py,241,B,string,確認 このノードを削除しますか？,
statable_gui\transition_editor_direct\draft.py,3,B,other,動作編集用ドラフトモデル（ノード位置保存対応）,
statable_gui\transition_editor_direct\draft.py,5,B,other,変更,
statable_gui\transition_editor_direct\draft.py,6,B,other,に 属性を追加（ ）,
statable_gui\transition_editor_direct\draft.py,7,B,other,がこれを最優先で参照する,
statable_gui\transition_editor_direct\draft.py,8,B,other,従来の 最頻値推定 はフォールバックとして残る,
statable_gui\transition_editor_direct\draft.py,20,B,other,値がリストでなければリストに変換して返す,
statable_gui\transition_editor_direct\draft.py,21,B,other,や空文字列は空リスト,
statable_gui\transition_editor_direct\draft.py,22,B,other,文字列が来た場合は単一要素のリストとして扱う,
statable_gui\transition_editor_direct\draft.py,23,B,other,リストならそのまま返す,
statable_gui\transition_editor_direct\draft.py,81,B,comment,ノード位置保存用（ で自由移動を保持）,
statable_gui\transition_editor_direct\draft.py,115,B,comment,追加 層名（ の第一候補）,layer
statable_gui\transition_editor_direct\draft.py,116,B,comment,等の生成側で を渡す,
statable_gui\transition_editor_direct\draft.py,117,B,comment,空文字の場合は 側で 最頻値フォールバックが動く,
statable_gui\transition_editor_direct\draft.py,136,B,comment,は この が属する層 を表すため,layer
statable_gui\transition_editor_direct\draft.py,137,B,comment,では保持する（リセットしない）,
statable_gui\transition_editor_direct\draft.py,150,B,other,追加,
statable_gui\transition_editor_direct\draft.py,164,B,other,追加,
statable_gui\transition_editor_direct\draft.py,175,B,string,変換,
statable_gui\transition_editor_direct\draft.py,183,B,comment,イベント名が空の場合は をデフォルトにする,event
statable_gui\transition_editor_direct\draft.py,191,B,string,無題遷移,transition
statable_gui\transition_editor_direct\draft.py,205,B,string,変換,
statable_gui\transition_editor_direct\draft.py,228,B,string,無題遷移,transition
statable_gui\transition_editor_direct\edit_dialogs.py,3,B,other,ノード編集ダイアログ（ 有無チェックボックス対応 条件ビルダー対応）,condition
statable_gui\transition_editor_direct\edit_dialogs.py,22,B,string,キャンセル,
statable_gui\transition_editor_direct\edit_dialogs.py,34,B,string,ロール関数編集,role function / function
statable_gui\transition_editor_direct\edit_dialogs.py,39,B,string,関数名,function
statable_gui\transition_editor_direct\edit_dialogs.py,55,B,string,状態遷移イベント編集,state / event / transition
statable_gui\transition_editor_direct\edit_dialogs.py,64,B,string,イベント,event
statable_gui\transition_editor_direct\edit_dialogs.py,70,B,string,条件式,condition
statable_gui\transition_editor_direct\edit_dialogs.py,74,B,string,条件を編集,condition
statable_gui\transition_editor_direct\edit_dialogs.py,79,B,string,遷移直前処理,transition
statable_gui\transition_editor_direct\edit_dialogs.py,88,B,string,追加,
statable_gui\transition_editor_direct\edit_dialogs.py,91,B,string,削除,
statable_gui\transition_editor_direct\edit_dialogs.py,96,B,string,条件を使用する,condition
statable_gui\transition_editor_direct\edit_dialogs.py,101,B,string,遷移先,transition
statable_gui\transition_editor_direct\edit_dialogs.py,110,B,string,遷移先,transition
statable_gui\transition_editor_direct\edit_dialogs.py,149,B,string,直前,
statable_gui\transition_editor_direct\edit_dialogs.py,160,B,other,今後対応,
statable_gui\transition_editor_direct\flow_widget.py,3,B,other,ビジュアル編集フローリスト（ ダブルクリック編集）,
statable_gui\transition_editor_direct\flow_widget.py,18,B,string,と行挿入をサポートするフローリスト,
statable_gui\transition_editor_direct\flow_widget.py,42,B,comment,パレットからのドロップ,
statable_gui\transition_editor_direct\flow_widget.py,47,B,comment,挿入位置を決定,
statable_gui\transition_editor_direct\flow_widget.py,59,B,comment,を作成して挿入,
statable_gui\transition_editor_direct\flow_widget.py,67,B,comment,内部移動（並べ替え）は標準動作に任せる,
statable_gui\transition_editor_direct\flow_widget.py,72,B,comment,親の に通知,
statable_gui\transition_editor_direct\flow_widget.py,79,B,string,ビジュアル編集ウィジェット,
statable_gui\transition_editor_direct\flow_widget.py,94,B,string,動作フロー（ で配置・ダブルクリックで編集）,
statable_gui\transition_editor_direct\flow_widget.py,96,B,comment,カスタムリスト,
statable_gui\transition_editor_direct\flow_widget.py,102,B,comment,デフォルト遷移先,transition
statable_gui\transition_editor_direct\flow_widget.py,104,B,string,デフォルト遷移先,transition
statable_gui\transition_editor_direct\flow_widget.py,112,B,comment,ドラフト読み込み,
statable_gui\transition_editor_direct\flow_widget.py,121,B,comment,リスト変更時の同期,
statable_gui\transition_editor_direct\flow_widget.py,141,B,comment,ダブルクリック編集,
statable_gui\transition_editor_direct\palette_widget.py,3,B,other,カテゴリ別折りたたみパレット,
statable_gui\transition_editor_direct\palette_widget.py,4,B,other,（共有ライブラリ対応・ダブルクリック編集対応・ドラッグ開始対応）,
statable_gui\transition_editor_direct\palette_widget.py,6,B,other,修正,
statable_gui\transition_editor_direct\palette_widget.py,7,B,other,（バグ ）,
statable_gui\transition_editor_direct\palette_widget.py,8,B,other,と が同じ で表示され,
statable_gui\transition_editor_direct\palette_widget.py,9,B,other,編集対象が誤る問題を解消,
statable_gui\transition_editor_direct\palette_widget.py,10,B,other,衝突チェックを追加,
statable_gui\transition_editor_direct\palette_widget.py,53,B,string,ドラッグ開始をオーバーライドして確実に を実行,execute
statable_gui\transition_editor_direct\palette_widget.py,95,B,string,カテゴリ別折りたたみパレット（イベント選択画面）,event
statable_gui\transition_editor_direct\palette_widget.py,114,B,string,イベント選択画面,event
statable_gui\transition_editor_direct\palette_widget.py,119,B,comment,ロール関数セクション,role function / function
statable_gui\transition_editor_direct\palette_widget.py,120,B,string,ロール関数,role function / function
statable_gui\transition_editor_direct\palette_widget.py,131,B,string,ロール関数追加,role function / function
statable_gui\transition_editor_direct\palette_widget.py,135,B,comment,遷移条件セクション,transition / condition
statable_gui\transition_editor_direct\palette_widget.py,136,B,string,遷移条件,transition / condition
statable_gui\transition_editor_direct\palette_widget.py,147,B,string,遷移条件追加,transition / condition
statable_gui\transition_editor_direct\palette_widget.py,157,B,other,一意名を生成,
statable_gui\transition_editor_direct\palette_widget.py,159,B,other,改善,
statable_gui\transition_editor_direct\palette_widget.py,160,B,other,は で,
statable_gui\transition_editor_direct\palette_widget.py,161,B,other,キー管理されているため 既存キーとの衝突チェックは,
statable_gui\transition_editor_direct\palette_widget.py,162,B,other,（純粋名）と の両方で行う,
statable_gui\transition_editor_direct\palette_widget.py,173,B,comment,の末尾一致も検出,
statable_gui\transition_editor_direct\palette_widget.py,216,B,other,ロール関数の編集要求,role function / function
statable_gui\transition_editor_direct\palette_widget.py,218,B,other,修正,
statable_gui\transition_editor_direct\palette_widget.py,219,B,other,は または,
statable_gui\transition_editor_direct\palette_widget.py,220,B,other,純粋名 後段の は,
statable_gui\transition_editor_direct\palette_widget.py,221,B,other,で解決するため,
statable_gui\transition_editor_direct\palette_widget.py,222,B,other,どちらでも正しく動作する,
statable_gui\transition_editor_direct\palette_widget.py,239,B,other,ロール関数・遷移条件リストを再構築,transition / role function / condition / function
statable_gui\transition_editor_direct\palette_widget.py,241,B,other,修正,
statable_gui\transition_editor_direct\palette_widget.py,242,B,other,ロール関数は で表示,role function / function
statable_gui\transition_editor_direct\palette_widget.py,243,B,other,純粋名のみだと 衝突で編集対象が誤るため,
statable_gui\transition_editor_direct\system_global_dialog.py,3,B,other,システムグローバル変数 別画面,variable / system
statable_gui\transition_editor_direct\system_global_dialog.py,15,B,string,システムグローバル変数,variable / system
statable_gui\transition_editor_direct\system_global_dialog.py,23,B,string,追加,
statable_gui\transition_editor_direct\system_global_dialog.py,26,B,string,削除,
statable_gui\transition_editor_direct\system_global_dialog.py,31,B,string,閉じる,
statable_gui\transition_editor_direct\system_global_dialog.py,43,B,string,追加 変数名,variable
statable_gui\transition_editor_direct\__init__.py,3,B,other,動作編集 パッケージ,
codegen\code_merger.py,3,C,other,生成コードと既存コードのマージ処理,
codegen\code_merger.py,4,C,other,ユーザー編集部分を保持しながら自動生成コードを更新する,user
codegen\code_merger.py,6,C,other,対応マーカー,marker
codegen\code_merger.py,7,C,other,ファイル全体ユーザー領域,user
codegen\code_merger.py,8,C,other,関数単位ユーザー領域,function / user
codegen\code_merger.py,9,C,other,の は 形式（層名込み）,layer
codegen\code_merger.py,10,C,other,の は 形式（層名なし）,layer
codegen\code_merger.py,11,C,other,ファイル末尾ユーザー領域,user
codegen\code_merger.py,13,C,other,修正,
codegen\code_merger.py,14,C,other,既存 ブロックがあればその中身を,
codegen\code_merger.py,15,C,other,置換するよう変更 旧実装は常に の後に新規挿入していたため,
codegen\code_merger.py,16,C,other,生成コード元のブロックが残骸化し プレースホルダが残り続けていた,
codegen\code_merger.py,28,C,string,生成コードと既存コードのマージクラス,
codegen\code_merger.py,30,C,comment,マーカー定義,definition / marker
codegen\code_merger.py,38,C,comment,ファイル末尾ユーザー領域,user
codegen\code_merger.py,43,C,comment,関数名抽出パターン（ 両対応）,function
codegen\code_merger.py,56,C,comment,抽出処理,
codegen\code_merger.py,58,C,string,ファイル全体のユーザーコードを抽出,user
codegen\code_merger.py,66,C,string,ファイルユーザーコードを抽出しました,user
codegen\code_merger.py,72,C,string,関数単位のユーザーコードを抽出,function / user
codegen\code_merger.py,80,C,string,関数 のユーザーコードを抽出しました,function / user
codegen\code_merger.py,87,C,other,全関数のユーザーコードを抽出,function / user
codegen\code_merger.py,89,C,other,と の両方に対応,
codegen\code_merger.py,90,C,other,キー,
codegen\code_merger.py,91,C,other,キー,
codegen\code_merger.py,113,C,comment,ファイル末尾ユーザーコード抽出,user
codegen\code_merger.py,115,C,string,ファイル末尾のユーザーコードを抽出,user
codegen\code_merger.py,123,C,string,末尾ユーザーコードを抽出しました,user
codegen\code_merger.py,127,C,comment,注入処理,
codegen\code_merger.py,131,C,other,生成コードにファイル全体のユーザーコードを注入,user
codegen\code_merger.py,133,C,other,修正,
codegen\code_merger.py,134,C,other,既存の ブロックがあれば その中身を で置換する,
codegen\code_merger.py,135,C,other,ブロックが無い場合のみ の後に新規挿入する,
codegen\code_merger.py,137,C,other,旧 常に の後に新規挿入 生成コード元のブロックが残骸化,
codegen\code_merger.py,138,C,other,新 既存ブロックを置換 常に つのブロックのみ,
codegen\code_merger.py,146,C,comment,既存ブロックがあれば置換,
codegen\code_merger.py,154,C,string,ファイルユーザーコードを置換しました,user
codegen\code_merger.py,157,C,comment,ブロックが無ければ の後に新規挿入,
codegen\code_merger.py,169,C,comment,インクルードの後に注入,
codegen\code_merger.py,178,C,comment,インクルードがない場合は先頭に注入,
codegen\code_merger.py,181,C,string,ファイルユーザーコードを新規挿入しました,user
codegen\code_merger.py,184,C,comment,関数ユーザーコード注入 既存マーカーブロックを置換,function / marker / user
codegen\code_merger.py,188,C,other,生成コード内の既存マーカーブロックを で置換,marker
codegen\code_merger.py,190,C,other,生成コード側に既にマーカーがある前提で その間の内容を置換する,marker
codegen\code_merger.py,191,C,other,マーカーが存在しない場合は何もしない（新規挿入はしない）,marker
codegen\code_merger.py,207,C,string,関数 のユーザーコードを注入しました,function / user
codegen\code_merger.py,210,C,string,関数 のマーカーが見つかりません,function / marker
codegen\code_merger.py,214,C,comment,ファイル末尾ユーザーコード注入,user
codegen\code_merger.py,217,C,string,生成コード末尾のマーカー内にユーザーコードを注入（置換）,marker / user
codegen\code_merger.py,232,C,string,末尾ユーザーコードを注入しました,user
codegen\code_merger.py,234,C,string,末尾マーカーが見つかりません,marker
codegen\code_merger.py,237,C,comment,マージ処理,
codegen\code_merger.py,240,C,string,生成コードと既存コードをマージ,
codegen\code_merger.py,242,C,string,既存コードなし 生成コードをそのまま使用,
codegen\code_merger.py,245,C,string,マージ処理を開始,
codegen\code_merger.py,247,C,comment,各種ユーザーコード抽出,user
codegen\code_merger.py,250,C,comment,関数単位のユーザーコードを抽出,function / user
codegen\code_merger.py,254,C,string,ファイルユーザーコード 文字,user
codegen\code_merger.py,255,C,string,関数ユーザーコード 個,function / user
codegen\code_merger.py,256,C,string,末尾ユーザーコード 文字,user
codegen\code_merger.py,258,C,comment,生成コードにユーザーコードを注入,user
codegen\code_merger.py,261,C,comment,ファイル全体のユーザーコードを注入,user
codegen\code_merger.py,264,C,comment,関数単位のユーザーコードを注入,function / user
codegen\code_merger.py,274,C,comment,フォルダ構成対応版,
codegen\code_merger.py,280,C,other,全ファイルをマージ（フォルダ構成対応）,
codegen\code_merger.py,283,C,other,生成ファイル辞書,
codegen\code_merger.py,284,C,other,既存ファイル探索の基点,
codegen\code_merger.py,285,C,other,ファイル名 相対パスを返す関数,function
codegen\code_merger.py,287,C,other,なら そのまま,
codegen\code_merger.py,288,C,other,層名（ 用）,layer
codegen\code_merger.py,290,C,string,全ファイルマージ開始,
codegen\code_merger.py,294,C,comment,パス解決,
codegen\code_merger.py,310,C,string,既存ファイルあり,
codegen\code_merger.py,314,C,string,既存ファイルなし,
codegen\code_merger.py,323,C,comment,マーカー存在確認,marker
codegen\code_merger.py,325,C,string,ユーザーコードが含まれているか,user
codegen\code_merger.py,329,C,string,特定の関数にユーザーコードが含まれているか,function / user
codegen\code_merger.py,334,C,string,ユーザーコードの概要を取得,user
codegen\code_templates.py,3,A,other,コード生成用テンプレート定義（多層ステートマシン対応・ 対応版）,definition / layer
codegen\code_templates.py,4,A,other,すべての固定文字列を一元管理する,
codegen\code_templates.py,6,A,other,版 （ ）,
codegen\code_templates.py,7,A,other,追加（ ）,
codegen\code_templates.py,8,A,other,既存テンプレートは変更なし,
codegen\code_templates.py,12,A,string,コード生成用テンプレート辞書,
codegen\code_templates.py,14,A,comment,基本文字列定義,definition
codegen\code_templates.py,39,A,string,実装を記述すること,
codegen\code_templates.py,40,A,string,未使用引数の警告抑制,argument / warning
codegen\code_templates.py,41,A,string,により自動生成されたコード,
codegen\code_templates.py,42,A,string,手動での編集は推奨しない,
codegen\code_templates.py,43,A,string,変更する場合は で行うこと,
codegen\code_templates.py,50,A,comment,セクションヘッダ定義,definition
codegen\code_templates.py,52,A,string,インクルードファイル,
codegen\code_templates.py,53,A,string,型定義,definition / type
codegen\code_templates.py,54,A,string,ユーザー定義型,definition / type / user
codegen\code_templates.py,55,A,string,システム構造体,system
codegen\code_templates.py,56,A,string,遷移コンテキスト,transition / context
codegen\code_templates.py,57,A,string,保留イベント制御,event
codegen\code_templates.py,58,A,string,層別型定義,definition / type / layer
codegen\code_templates.py,59,A,string,関数宣言,function
codegen\code_templates.py,60,A,string,ロール関数宣言,role function / function
codegen\code_templates.py,61,A,string,ロール関数実装,role function / function
codegen\code_templates.py,62,A,string,状態遷移テーブル,state / transition
codegen\code_templates.py,63,A,string,セル単位遷移関数,transition / function
codegen\code_templates.py,64,A,string,状態遷移関数,state / transition / function
codegen\code_templates.py,65,A,string,イベント取得関数,event / function
codegen\code_templates.py,66,A,string,初期化関数,initialization / function
codegen\code_templates.py,67,A,string,変数アクセスマクロ,variable
codegen\code_templates.py,68,A,string,スーパーインクルード,
codegen\code_templates.py,69,A,string,ミューテックス実装,
codegen\code_templates.py,70,A,string,セマフォ実装,
codegen\code_templates.py,71,A,string,キュー実装,queue
codegen\code_templates.py,72,A,string,クリティカルセクション実装,
codegen\code_templates.py,75,A,comment,構造体コメント定義,definition
codegen\code_templates.py,77,A,string,グローバル変数構造体 システム全体で共有する変数を管理,variable / system
codegen\code_templates.py,78,A,string,イベントフラグ構造体 イベント発生を示すフラグを管理,event / flag
codegen\code_templates.py,79,A,string,システム全体構造体 グローバル変数とイベントフラグを統合管理,event / variable / flag / system
codegen\code_templates.py,80,A,string,遷移セル構造体 状態遷移テーブルの セルを表す,state / transition
codegen\code_templates.py,81,A,string,遷移コンテキスト構造体 遷移元状態とイベントを保持,state / event / transition / context
codegen\code_templates.py,84,A,comment,列挙型コメント定義,definition / type
codegen\code_templates.py,86,A,string,状態定義 状態遷移の状態を表す列挙型,state / transition / definition / type
codegen\code_templates.py,87,A,string,イベント定義 状態遷移を発生させるイベントの列挙型,state / event / transition / definition / type
codegen\code_templates.py,88,A,string,イベントフラグ定義 イベントフラグの識別子を表す列挙型,event / definition / flag / type
codegen\code_templates.py,91,A,comment,型名定義,definition / type
codegen\code_templates.py,101,A,comment,多層対応（層名は動的に付加）,layer
codegen\code_templates.py,111,A,comment,関数名定義,definition / function
codegen\code_templates.py,122,A,comment,マクロ名定義,definition
codegen\code_templates.py,131,A,comment,フォーマットテンプレート,
codegen\code_templates.py,163,A,comment,多層ステートマシン用テンプレート,layer
codegen\code_templates.py,165,A,comment,層ごとの型定義ヘッダ用テンプレート,definition / type / layer
codegen\code_templates.py,169,A,comment,層の型定義,definition / type / layer
codegen\code_templates.py,171,A,string,層の状態定義,state / definition / layer
codegen\code_templates.py,172,A,string,層のイベント定義,event / definition / layer
codegen\code_templates.py,173,A,string,層の遷移コンテキスト,transition / layer / context
codegen\code_templates.py,180,A,comment,共通型ヘッダ用テンプレート,type
codegen\code_templates.py,183,A,other,グローバル変数,variable
codegen\code_templates.py,184,A,other,イベントフラグ,event / flag
codegen\code_templates.py,185,A,other,保留中のイベント,event
codegen\code_templates.py,186,A,other,保留イベント有効フラグ,event / flag
codegen\code_templates.py,197,A,comment,セル単位遷移関数用テンプレート,transition / function
codegen\code_templates.py,200,A,comment,セル遷移,transition
codegen\code_templates.py,209,A,string,条件なし遷移,transition / condition
codegen\code_templates.py,216,A,string,遷移先未設定,transition / settings
codegen\code_templates.py,221,A,comment,遷移テーブル用テンプレート,transition
codegen\code_templates.py,226,A,string,遷移なし,transition
codegen\code_templates.py,230,A,comment,状態遷移関数用テンプレート,state / transition / function
codegen\code_templates.py,233,A,comment,層の状態遷移処理,state / transition / layer
codegen\code_templates.py,234,A,comment,現在の状態,state
codegen\code_templates.py,235,A,comment,発生したイベント,event
codegen\code_templates.py,236,A,comment,システムコンテキストポインタ,system / context / pointer
codegen\code_templates.py,237,A,comment,遷移後の状態,state / transition
codegen\code_templates.py,257,A,comment,用テンプレート,
codegen\code_templates.py,260,A,comment,層の次のイベントを取得（保留イベント優先）,event / layer
codegen\code_templates.py,261,A,comment,システムコンテキストポインタ,system / context / pointer
codegen\code_templates.py,262,A,comment,次のイベント（保留なしの場合は ）,event
codegen\code_templates.py,284,A,comment,ロール関数用テンプレート（新シグネチャ）,role function / function
codegen\code_templates.py,287,A,comment,ロール関数,role function / function
codegen\code_templates.py,288,A,comment,遷移コンテキスト,transition / context
codegen\code_templates.py,289,A,comment,システムコンテキストポインタ,system / context / pointer
codegen\code_templates.py,290,A,comment,成功 以外 エラー（条件判定にも使用可）,error / success / condition
codegen\code_templates.py,298,A,other,未使用引数の警告抑制,argument / warning
codegen\code_templates.py,299,A,other,未使用引数の警告抑制,argument / warning
codegen\code_templates.py,300,A,other,実装を記述すること,
codegen\code_templates.py,303,A,other,デフォルト値,
codegen\code_templates.py,307,A,comment,スーパーインクルード用テンプレート,
codegen\code_templates.py,311,A,comment,生成コード一括インクルード,
codegen\code_templates.py,313,A,comment,このファイルは以下のファイルからのみインクルード可能,
codegen\code_templates.py,314,A,comment,ユーザーの,user
codegen\code_templates.py,315,A,comment,プロジェクトの ファイル,
codegen\code_templates.py,316,A,comment,生成コードの ファイルからはインクルード禁止,
codegen\code_templates.py,319,A,string,共通ヘッダ,
codegen\code_templates.py,320,A,string,層ごとのヘッダ,layer
codegen\code_templates.py,321,A,string,プロジェクトヘッダ,
codegen\code_templates.py,322,A,string,外部インクルード（ユーザー指定）,user
codegen\code_templates.py,323,A,string,ユーザー追加インクルード,user
codegen\code_templates.py,327,A,comment,宣言用,
codegen\code_templates.py,328,A,string,スーパーループ変数（ ）,variable
codegen\code_templates.py,332,A,string,スーパーループ関数,function
codegen\code_templates.py,337,A,comment,スーパーループ用テンプレート（ 対応版）,
codegen\code_templates.py,341,A,comment,ステートマシン スーパーループ,
codegen\code_templates.py,343,A,comment,このファイルはユーザーが編集しないこと,user
codegen\code_templates.py,344,A,comment,ハードウェア初期化等は で行い 本ファイルを呼び出す,initialization
codegen\code_templates.py,351,A,comment,ステートマシン初期化,initialization
codegen\code_templates.py,352,A,comment,各層のステートマシンを優先度昇順で初期化,initialization / layer / priority
codegen\code_templates.py,361,A,comment,ステートマシン メインループ,
codegen\code_templates.py,378,A,comment,生成用テンプレート（ ）,
codegen\code_templates.py,379,A,comment,が直接文字列を組み立てる場合の予備,
codegen\code_templates.py,380,A,comment,値は の実装と同期させること,
codegen\code_templates.py,382,A,comment,セクションコメント,
codegen\code_templates.py,383,A,string,コンテキスト参照（自動生成）,context
codegen\code_templates.py,384,A,string,入場ログ,
codegen\code_templates.py,385,A,string,アクション（自動生成）,action
codegen\code_templates.py,386,A,string,ユーザー追加領域,user
codegen\code_templates.py,387,A,string,退場ログ,
codegen\code_templates.py,389,A,comment,コンテキスト,context
codegen\code_templates.py,393,A,comment,ログ,
codegen\code_templates.py,397,A,comment,ユーザーマーカー,marker / user
codegen\code_templates.py,399,A,string,ユーザー追加コードをここに記述,user
codegen\code_templates.py,402,A,comment,コメント（ 用）,
codegen\code_templates.py,403,A,string,使用ロール関数,role function / function
codegen\code_templates.py,406,A,comment,空アクション時のプレースホルダ,action
codegen\code_templates.py,407,A,string,（アクション未定義）,definition / action
codegen\code_templates.py,410,A,comment,デバッグログメッセージ定義,definition / debug
codegen\code_templates.py,424,A,comment,関連テンプレート（既存のまま）,
codegen\code_templates.py,426,A,comment,種別定義,definition
codegen\code_templates.py,428,A,string,なし（ベアメタル）,
codegen\code_templates.py,433,A,comment,ヘッダファイルテンプレート,
codegen\code_templates.py,437,A,comment,（ 抽象化レイヤ）,layer
codegen\code_templates.py,441,A,string,型定義,definition / type
codegen\code_templates.py,478,A,comment,ソースファイルテンプレート,
codegen\code_templates.py,482,A,comment,（ 抽象化レイヤ） 実装,layer
codegen\code_templates.py,484,A,string,ミューテックス実装,
codegen\code_templates.py,485,A,string,セマフォ実装,
codegen\code_templates.py,486,A,string,キュー実装,queue
codegen\code_templates.py,487,A,string,クリティカルセクション実装,
codegen\code_templates.py,489,A,comment,ミューテックス実装,
codegen\code_templates.py,500,A,other,では使用しない,
codegen\code_templates.py,519,A,comment,セマフォ実装,
codegen\code_templates.py,553,A,comment,キュー実装,queue
codegen\code_templates.py,604,A,comment,クリティカルセクション,
codegen\code_templates.py,607,A,other,では割り込み禁止,interrupt
codegen\code_templates.py,612,A,other,割り込み許可,interrupt
codegen\config.py,3,C,other,コード生成設定管理モジュール,settings
codegen\config.py,4,C,other,生成オプションを一元管理する,
codegen\config.py,13,C,string,コード生成設定,settings
codegen\config.py,15,C,comment,生成スタイル,
codegen\config.py,18,C,comment,遷移テーブル方式,transition
codegen\config.py,21,C,comment,種別,
codegen\config.py,24,C,comment,命名規則,
codegen\config.py,30,C,comment,デバッグログ,debug
codegen\config.py,35,C,comment,コメント生成,
codegen\config.py,39,C,comment,マーカー,marker
codegen\config.py,42,C,comment,出力設定,settings
codegen\config.py,46,C,comment,プロジェクト設定,settings
codegen\config.py,49,C,comment,フォルダ構成,
codegen\config.py,56,C,comment,スーパーインクルード,
codegen\config.py,61,C,comment,外部インクルード,
codegen\config.py,68,C,comment,予約イベント制限,event
codegen\config.py,72,C,string,辞書に変換,
codegen\config.py,108,C,string,辞書から復元,
codegen\config.py,109,C,comment,未知のキーは無視,ignore
codegen\config.py,116,C,string,設定管理クラス,settings
codegen\config.py,122,C,string,現在の設定を取得,settings
codegen\config.py,126,C,string,設定を更新,settings
codegen\config.py,130,C,string,設定を部分的に更新,settings
codegen\config.py,136,C,string,設定をリセット,settings
codegen\config.py,140,C,string,利用可能な生成スタイル,
codegen\config.py,142,C,string,テーブル駆動方式,
codegen\config.py,143,C,string,方式,
codegen\config.py,147,C,string,利用可能なテーブル方式,
codegen\config.py,149,C,string,配列方式,
codegen\config.py,150,C,string,方式,
codegen\config.py,151,C,string,辞書方式（非推奨）,
codegen\config.py,155,C,string,利用可能な 種別,
codegen\config.py,157,C,string,（ベアメタル）,
codegen\config.py,164,C,string,フラット,
codegen\config.py,165,C,string,層ごと,layer
codegen\config.py,166,C,string,分離,
codegen\c_code_generator.py,3,A,other,コード生成メインクラス,
codegen\c_code_generator.py,4,A,other,（ステップテーブル駆動版・ ファイル対応・複数層対応・ 対応・ 対応）,layer
codegen\c_code_generator.py,6,A,other,設計方針,
codegen\c_code_generator.py,7,A,other,ファイルごとの生成手順は テーブルで宣言,
codegen\c_code_generator.py,8,A,other,各ステップは 辞書で実行関数に紐付け,execute / function
codegen\c_code_generator.py,9,A,other,がステップ列を順に実行,execute
codegen\c_code_generator.py,10,A,other,条件付きステップは 述語で宣言的に表現,condition
codegen\c_code_generator.py,11,A,other,ファイル間ディスパッチは 辞書で管理,
codegen\c_code_generator.py,12,A,other,フォルダ構成は で解決,
codegen\c_code_generator.py,13,A,other,スーパーインクルード スーパーループは常に生成,
codegen\c_code_generator.py,14,A,other,複数層は で一括生成,layer
codegen\c_code_generator.py,15,A,other,では層固有ファイルを層フォルダに分離,layer
codegen\c_code_generator.py,17,A,other,版 （ コンテキスト対応）,context
codegen\c_code_generator.py,18,A,other,に を追加（ 宣言取得）,
codegen\c_code_generator.py,19,A,other,で を再計算,
codegen\c_code_generator.py,22,A,other,時に層固有ファイルへ サフィックスを付与,layer
codegen\c_code_generator.py,24,A,other,層固有ファイル内の 文を連動変更,layer
codegen\c_code_generator.py,25,A,other,名にも層サフィックスを付与（衝突回避）,layer
codegen\c_code_generator.py,26,A,other,共通ファイルは 時に各層の を個別,layer
codegen\c_code_generator.py,27,A,other,スーパーインクルードの層固有 パスもサフィックス対応,layer
codegen\c_code_generator.py,29,A,other,（案 ）,
codegen\c_code_generator.py,30,A,other,共通 （,
codegen\c_code_generator.py,31,A,other,）を,
codegen\c_code_generator.py,32,A,other,新規 に集約,
codegen\c_code_generator.py,33,A,other,層固有 は のみを出力,layer
codegen\c_code_generator.py,34,A,other,層固有 は を,layer
codegen\c_code_generator.py,35,A,other,も共通部に移動（層で重複させない）,layer
codegen\c_code_generator.py,86,A,other,コード生成メインクラス,
codegen\c_code_generator.py,87,A,docstring,（ステップテーブル駆動・ ファイル対応・複数層対応）,layer
codegen\c_code_generator.py,90,A,comment,テーブル ファイル別ステップ定義,definition
codegen\c_code_generator.py,93,A,comment,共通型定義（新規）,definition / type
codegen\c_code_generator.py,122,A,comment,層固有型定義（ のみ）,definition / type / layer
codegen\c_code_generator.py,242,A,comment,スーパーインクルード（ 宣言含む）,
codegen\c_code_generator.py,275,A,comment,テーブル 種類 生成メソッド ディスパッチ,
codegen\c_code_generator.py,286,A,comment,テーブル ファイル名 生成メソッド ディスパッチ,
codegen\c_code_generator.py,318,A,comment,テーブル ファイル名 カテゴリ（ 用）,
codegen\c_code_generator.py,336,A,comment,テーブル パス解決メソッド,
codegen\c_code_generator.py,345,A,comment,テーブル 用ファイル分類,
codegen\c_code_generator.py,348,A,other,層固有（ のみ）,layer
codegen\c_code_generator.py,367,A,comment,コンストラクタ,
codegen\c_code_generator.py,387,A,comment,設定,settings
codegen\c_code_generator.py,397,A,comment,生成中のみ有効な共有ライブラリ,
codegen\c_code_generator.py,400,A,comment,スーパーループファイル名,
codegen\c_code_generator.py,405,A,comment,インスタンスレベルにコピー,
codegen\c_code_generator.py,410,A,comment,スーパーループを動的登録,
codegen\c_code_generator.py,428,A,comment,ファイル生成メタ,
codegen\c_code_generator.py,431,A,string,状態遷移システムの共通型定義,state / transition / definition / type / system
codegen\c_code_generator.py,435,A,string,層固有の型定義（ ）,definition / type / layer
codegen\c_code_generator.py,439,A,string,状態遷移関数宣言,state / transition / function
codegen\c_code_generator.py,443,A,string,状態遷移ロジック,state / transition
codegen\c_code_generator.py,447,A,string,ロール関数宣言,role function / function
codegen\c_code_generator.py,451,A,string,ロール関数実装,role function / function
codegen\c_code_generator.py,455,A,string,初期化処理,initialization
codegen\c_code_generator.py,459,A,string,イベントキュー実装,event / queue
codegen\c_code_generator.py,463,A,string,割り込み処理,interrupt
codegen\c_code_generator.py,467,A,string,タイマ処理,timer
codegen\c_code_generator.py,471,A,string,ヘッダ,
codegen\c_code_generator.py,475,A,string,ソース,
codegen\c_code_generator.py,479,A,string,一括インクルード,
codegen\c_code_generator.py,483,A,string,ステートマシン スーパーループ,
codegen\c_code_generator.py,488,A,comment,インクルード定義,definition
codegen\c_code_generator.py,490,A,comment,共通型定義の標準ヘッダ,definition / type
codegen\c_code_generator.py,496,A,comment,層固有ファイルは共通型定義を,definition / type / layer
codegen\c_code_generator.py,513,A,comment,共通ファイル（ 時は で個別展開）,
codegen\c_code_generator.py,523,A,comment,ステップ実行辞書,execute
codegen\c_code_generator.py,525,A,comment,共通,
codegen\c_code_generator.py,532,A,comment,型定義,definition / type
codegen\c_code_generator.py,537,A,comment,遷移,transition
codegen\c_code_generator.py,543,A,comment,ロール,
codegen\c_code_generator.py,546,A,comment,初期化,initialization
codegen\c_code_generator.py,548,A,comment,イベントキュー 割り込み,event / interrupt / queue
codegen\c_code_generator.py,551,A,comment,タイマ,timer
codegen\c_code_generator.py,558,A,comment,スーパーインクルード,
codegen\c_code_generator.py,569,A,comment,スーパーループ,
codegen\c_code_generator.py,579,A,comment,ログ,
codegen\c_code_generator.py,586,A,comment,設定関連,settings
codegen\c_code_generator.py,604,A,comment,ヘルパー,
codegen\c_code_generator.py,613,A,other,と共有ライブラリをマージした,
codegen\c_code_generator.py,614,A,docstring,ロール関数リストを返す,role function / function
codegen\c_code_generator.py,625,A,string,層名を取得（未設定なら空文字）,settings / layer
codegen\c_code_generator.py,629,A,string,初期状態名を取得（未設定なら ）,state / settings
codegen\c_code_generator.py,671,A,comment,層サフィックス ヘルパー,layer
codegen\c_code_generator.py,685,A,comment,複数層サポート,layer
codegen\c_code_generator.py,689,A,other,を正規化,
codegen\c_code_generator.py,695,A,other,（優先度昇順）,priority
codegen\c_code_generator.py,700,A,comment,単一,
codegen\c_code_generator.py,705,A,comment,リスト,
codegen\c_code_generator.py,715,A,comment,層名未設定ならタブ名をデフォルトに,settings / layer
codegen\c_code_generator.py,720,A,comment,優先度昇順でソート,priority
codegen\c_code_generator.py,727,A,string,を各サブジェネレータに反映,
codegen\c_code_generator.py,740,A,comment,フォルダ構成解決,
codegen\c_code_generator.py,745,A,other,ファイル名から保存先の相対パスを返す,
codegen\c_code_generator.py,747,A,other,に既にパス区切り（ ）が含まれる場合は,
codegen\c_code_generator.py,748,A,other,そのまま使用（ の 等）,
codegen\c_code_generator.py,750,A,comment,既にパス形式 そのまま,
codegen\c_code_generator.py,754,A,comment,スーパーインクルード特別扱い,
codegen\c_code_generator.py,767,A,string,スーパーインクルードの保存パスを解決,
codegen\c_code_generator.py,778,A,comment,があれば層フォルダ なければルート,layer
codegen\c_code_generator.py,786,A,string,全ファイルを同じフォルダに,
codegen\c_code_generator.py,791,A,string,に分類,
codegen\c_code_generator.py,810,A,other,層名フォルダに格納,layer
codegen\c_code_generator.py,812,A,other,が の場合,
codegen\c_code_generator.py,813,A,other,キーに既に が含まれるため,
codegen\c_code_generator.py,814,A,other,通常この関数は呼ばれない（ の早期 ）,function
codegen\c_code_generator.py,816,A,other,単層 で を使う場合のフォールバック,layer
codegen\c_code_generator.py,820,A,comment,層固有ファイルのみフォルダ分け,layer
codegen\c_code_generator.py,827,A,comment,汎用ステップ実行,execute
codegen\c_code_generator.py,831,A,string,ステップテーブルに従って ファイルを生成（単層）,layer
codegen\c_code_generator.py,839,A,comment,汎用ステップ実行（複数層）,execute / layer
codegen\c_code_generator.py,844,A,string,複数層対応ステップ実行,execute / layer
codegen\c_code_generator.py,881,A,comment,ステップ実行関数群,execute / function
codegen\c_code_generator.py,927,A,comment,層固有ファイル 単一層のサフィックス,layer
codegen\c_code_generator.py,935,A,comment,共通ファイル 各層の を個別,layer
codegen\c_code_generator.py,946,A,comment,共通型定義 各層の,definition / type / layer
codegen\c_code_generator.py,958,A,comment,その他 静的,
codegen\c_code_generator.py,967,A,string,複数層の を連結,layer
codegen\c_code_generator.py,998,A,string,種類を辞書引きでディスパッチ,
codegen\c_code_generator.py,1003,A,comment,の第一引数は,argument
codegen\c_code_generator.py,1014,A,string,複数層の 宣言を連結,layer
codegen\c_code_generator.py,1030,A,string,状態遷移処理,state / transition
codegen\c_code_generator.py,1031,A,string,現在の状態,state
codegen\c_code_generator.py,1032,A,string,発生したイベント,event
codegen\c_code_generator.py,1033,A,string,システムコンテキストポインタ,system / context / pointer
codegen\c_code_generator.py,1034,A,string,遷移後の状態,state / transition
codegen\c_code_generator.py,1045,A,string,複数層のセル関数前方宣言,function / layer
codegen\c_code_generator.py,1057,A,string,複数層の遷移テーブル,transition / layer
codegen\c_code_generator.py,1070,A,string,複数層のセル関数本体,function / layer
codegen\c_code_generator.py,1082,A,string,複数層の,layer
codegen\c_code_generator.py,1096,A,string,複数層のロール関数宣言,role function / function / layer
codegen\c_code_generator.py,1109,A,string,複数層のロール関数実装,role function / function / layer
codegen\c_code_generator.py,1133,A,string,イベントキュー定義なし,event / definition / queue
codegen\c_code_generator.py,1145,A,comment,を再計算,
codegen\c_code_generator.py,1150,A,string,割り込み処理定義なし,definition / interrupt
codegen\c_code_generator.py,1156,A,comment,使用ロール関数・変数を自動抽出して書き戻す,role function / variable / function
codegen\c_code_generator.py,1197,A,comment,スーパーインクルード ステップ,
codegen\c_code_generator.py,1214,A,other,共通型定義 各層の を,definition / type / layer
codegen\c_code_generator.py,1223,A,comment,共通型定義（ 個）,definition / type
codegen\c_code_generator.py,1225,A,comment,各層の,layer
codegen\c_code_generator.py,1270,A,string,全層の 変数宣言,variable / layer
codegen\c_code_generator.py,1284,A,string,スーパーループ関数の 宣言,function
codegen\c_code_generator.py,1315,A,comment,スーパーループ ステップ,
codegen\c_code_generator.py,1329,A,string,全層の 変数定義,definition / variable / layer
codegen\c_code_generator.py,1342,A,string,全層の初期化,initialization / layer
codegen\c_code_generator.py,1368,A,string,全層の ブロック（優先度順）,layer / priority
codegen\c_code_generator.py,1389,A,comment,インデント調整,
codegen\c_code_generator.py,1398,A,comment,ファイル生成メソッド,
codegen\c_code_generator.py,1436,A,comment,スーパーインクルード,
codegen\c_code_generator.py,1444,A,comment,公開メソッド（単層）,layer
codegen\c_code_generator.py,1448,A,string,単層の全コード生成（後方互換）,layer
codegen\c_code_generator.py,1456,A,comment,スーパーインクルードのスキップ判定,
codegen\c_code_generator.py,1475,A,string,特定ファイルの生成（単層）,layer
codegen\c_code_generator.py,1490,A,comment,公開メソッド（複数層）,layer
codegen\c_code_generator.py,1494,A,other,複数層のコード生成,layer
codegen\c_code_generator.py,1497,A,other,または,
codegen\c_code_generator.py,1498,A,other,単体（後方互換）,
codegen\c_code_generator.py,1500,A,other,共有ライブラリ（省略可）,
codegen\c_code_generator.py,1503,A,other,生成ファイル辞書,
codegen\c_code_generator.py,1504,A,other,通常のファイル名,
codegen\c_code_generator.py,1505,A,other,形式（層固有）,layer
codegen\c_code_generator.py,1506,A,other,通常のファイル名（共通）,
codegen\c_code_generator.py,1508,A,comment,正規化 優先度順ソート,priority
codegen\c_code_generator.py,1520,A,comment,全層を ファイルにマージ,layer
codegen\c_code_generator.py,1542,A,other,専用生成,
codegen\c_code_generator.py,1545,A,other,共通ファイル を追加,
codegen\c_code_generator.py,1546,A,other,層固有ファイル は のみ,layer
codegen\c_code_generator.py,1556,A,comment,層固有ファイル,layer
codegen\c_code_generator.py,1589,A,comment,共通ファイル,
codegen\c_code_generator.py,1594,A,comment,スーパーインクルードのスキップ判定,
codegen\c_code_generator.py,1608,A,comment,保存,
codegen\c_code_generator.py,1612,A,string,生成コードの保存（マージなし）,
codegen\c_code_generator.py,1622,A,comment,親ディレクトリを作成,
codegen\c_code_generator.py,1636,A,string,ユーザーコードを保持しながら保存,user
codegen\c_code_generator.py,1648,A,string,マージ結果のサマリー,
codegen\c_code_generator.py,1673,A,string,生成ファイル一覧を取得,
codegen\enum_generator.py,3,A,other,列挙型コード生成モジュール（多層ステートマシン対応版）,type / layer
codegen\enum_generator.py,5,A,other,修正,
codegen\enum_generator.py,6,A,other,空名イベントを本体ループから除外,event
codegen\enum_generator.py,7,A,other,（ として先頭で処理済みのため 重複定義を防ぐ）,definition
codegen\enum_generator.py,32,A,string,列挙型コード生成クラス（多層ステートマシン対応）,type / layer
codegen\enum_generator.py,46,A,string,要素数（システム用）,system
codegen\enum_generator.py,222,A,string,層の状態定義 状態定義,state / definition / layer
codegen\enum_generator.py,243,A,other,イベント を生成（ を含む）,event
codegen\enum_generator.py,245,A,other,修正,
codegen\enum_generator.py,246,A,other,空名イベント（完了遷移用の ）は として,event / transition / completed
codegen\enum_generator.py,247,A,other,先頭で定義されるため 本体ループから除外する,definition
codegen\enum_generator.py,248,A,other,これにより の重複定義を防ぐ,definition
codegen\enum_generator.py,253,A,comment,修正 空名イベントを除外,event
codegen\enum_generator.py,261,A,string,として処理済み,
codegen\enum_generator.py,269,A,string,層のイベント定義 イベント定義,event / definition / layer
codegen\enum_generator.py,275,A,other,空名除外後を渡す,
codegen\enum_generator.py,279,A,string,完了遷移,transition / completed
codegen\enum_generator.py,297,A,string,イベントフラグ定義,event / definition / flag
codegen\enum_generator.py,348,A,string,イベントフラグビットマスク定義,event / definition / flag
codegen\enum_generator.py,349,A,string,ビット単位でフラグを管理する場合に使用,flag
codegen\event_queue_generator.py,3,A,other,イベントキューコード生成モジュール（完全データ駆動版）,event / queue
codegen\event_queue_generator.py,28,A,string,イベントキューコード生成クラス（完全データ駆動）,event / queue
codegen\event_queue_generator.py,37,A,comment,生成ステップ定義,definition
codegen\event_queue_generator.py,65,A,comment,ステップ実行辞書,execute
codegen\event_queue_generator.py,97,A,comment,名前生成,
codegen\event_queue_generator.py,104,A,comment,構造体生成ステップ,
codegen\event_queue_generator.py,109,A,string,イベントキュー,event / queue
codegen\event_queue_generator.py,142,A,comment,エンキュー生成ステップ,queue
codegen\event_queue_generator.py,148,A,string,イベントをエンキューする（ ）,event / queue
codegen\event_queue_generator.py,149,A,string,キュー,queue
codegen\event_queue_generator.py,150,A,string,イベント,event
codegen\event_queue_generator.py,151,A,string,成功 失敗,success / failure
codegen\event_queue_generator.py,166,A,string,イベントをデキューする（ ）,event / queue
codegen\event_queue_generator.py,167,A,string,キュー,queue
codegen\event_queue_generator.py,168,A,string,取り出したイベント,event
codegen\event_queue_generator.py,169,A,string,成功 失敗,success / failure
codegen\event_queue_generator.py,199,A,string,キュー満杯,queue
codegen\event_queue_generator.py,207,A,string,キュー空,queue
codegen\event_queue_generator.py,236,A,comment,公開メソッド,
codegen\event_queue_generator.py,238,A,string,イベントキュー構造体生成,event / queue
codegen\event_queue_generator.py,249,A,string,エンキュー関数生成,queue / function
codegen\event_queue_generator.py,260,A,string,デキュー関数生成,queue / function
codegen\event_queue_generator.py,271,A,string,キュー関連の全コード生成,queue
codegen\event_queue_generator.py,282,A,string,全イベントキュー構造体生成,event / queue
codegen\event_queue_generator.py,290,A,string,全イベントキュー関数生成,event / queue / function
codegen\event_queue_generator.py,300,A,string,全イベントキューコード生成,event / queue
codegen\interrupt_generator.py,3,A,other,割り込み処理 生成モジュール（ コンテキスト対応版）,interrupt / context
codegen\interrupt_generator.py,5,A,other,機能,
codegen\interrupt_generator.py,6,A,other,ポインタの自動挿入（ ）,pointer
codegen\interrupt_generator.py,7,A,other,アクションの 変換,action
codegen\interrupt_generator.py,8,A,other,旧形式 変換,
codegen\interrupt_generator.py,9,A,other,ユーザーマーカー,marker / user
codegen\interrupt_generator.py,10,A,other,の自動抽出,
codegen\interrupt_generator.py,11,A,other,入場・退場ログ,
codegen\interrupt_generator.py,13,A,other,マーカー命名規則,marker
codegen\interrupt_generator.py,40,A,comment,予約語（関数呼び出し形式で誤変換しないよう除外）,function
codegen\interrupt_generator.py,52,A,string,割り込み処理 生成クラス（ コンテキスト対応）,interrupt / context
codegen\interrupt_generator.py,55,A,comment,クラス定数,
codegen\interrupt_generator.py,69,A,comment,生成ステップ,
codegen\interrupt_generator.py,96,A,string,層名を設定（旧形式 の 名生成に使用）,settings / layer
codegen\interrupt_generator.py,104,A,comment,名前生成,
codegen\interrupt_generator.py,117,A,string,ログ用表示名（元の名前そのまま）,
codegen\interrupt_generator.py,121,A,comment,アクション パース,action
codegen\interrupt_generator.py,125,A,other,アクション文字列を コードに変換,action
codegen\interrupt_generator.py,128,A,other,入力アクション文字列,action
codegen\interrupt_generator.py,133,A,other,変換規則,
codegen\interrupt_generator.py,136,A,other,それ以外 そのまま,
codegen\interrupt_generator.py,146,A,comment,形式,
codegen\interrupt_generator.py,159,A,comment,関数呼び出し形式,function
codegen\interrupt_generator.py,166,A,comment,既に で始まるものはそのまま,
codegen\interrupt_generator.py,169,A,comment,キーワードはそのまま,
codegen\interrupt_generator.py,172,A,comment,名に変換（引数は破棄）,argument
codegen\interrupt_generator.py,183,A,comment,そのまま,
codegen\interrupt_generator.py,189,A,string,付きアクションを 行の コードに変換,action
codegen\interrupt_generator.py,193,A,comment,末尾セミコロンを正規化,
codegen\interrupt_generator.py,201,A,comment,使用シンボル抽出,
codegen\interrupt_generator.py,207,A,other,から使用ロール関数と使用変数を抽出,role function / variable / function
codegen\interrupt_generator.py,239,A,string,の を再計算して書き戻す,
codegen\interrupt_generator.py,245,A,comment,ステップ実行,execute
codegen\interrupt_generator.py,255,A,string,割り込みハンドラ,interrupt
codegen\interrupt_generator.py,260,A,string,使用ロール関数,role function / function
codegen\interrupt_generator.py,279,A,string,コンテキスト参照（自動生成）,context
codegen\interrupt_generator.py,289,A,string,入場ログ,
codegen\interrupt_generator.py,301,A,string,アクション（自動生成）,action
codegen\interrupt_generator.py,310,A,string,（アクション未定義）,definition / action
codegen\interrupt_generator.py,318,A,string,ユーザー追加領域,user
codegen\interrupt_generator.py,320,A,string,ユーザー追加コードをここに記述,user
codegen\interrupt_generator.py,329,A,string,退場ログ,
codegen\interrupt_generator.py,337,A,comment,公開,
codegen\interrupt_generator.py,344,A,other,生成,
codegen\interrupt_generator.py,347,A,other,割り込みハンドラ定義,definition / interrupt
codegen\interrupt_generator.py,348,A,other,なら を に書き戻す,
codegen\interrupt_generator.py,377,A,string,全 生成,
codegen\naming_convention.py,3,C,other,言語命名規則モジュール（辞書駆動版）,
codegen\naming_convention.py,19,C,string,言語の命名規則を管理するクラス,
codegen\naming_convention.py,101,C,string,パスカルケースに変換（キャメルケースの区切りを維持）,
codegen\naming_convention.py,110,C,comment,既にキャメルケースの場合は先頭のみ大文字化,
codegen\osal_generator.py,3,A,other,（ 抽象化レイヤ）コード生成モジュール（テンプレート分離版）,layer
codegen\osal_generator.py,24,A,string,コード生成クラス（テンプレート分離版）,
codegen\osal_generator.py,33,A,comment,ヘッダ生成ステップ,
codegen\osal_generator.py,46,A,comment,ソース生成ステップ,
codegen\osal_generator.py,56,A,comment,ステップ実行辞書,execute
codegen\osal_generator.py,77,A,comment,ステップ実行関数,execute / function
codegen\osal_generator.py,196,A,comment,公開メソッド,
codegen\osal_generator.py,198,A,string,ヘッダ生成,
codegen\osal_generator.py,217,A,string,ソース生成,
codegen\osal_generator.py,235,A,string,全コード生成,
codegen\osal_generator.py,243,A,string,利用可能な 種別を取得,
codegen\role_function_generator.py,3,A,other,ロール関数生成モジュール（多層ステートマシン対応・ 対応版）,role function / function / layer
codegen\role_function_generator.py,5,A,other,版 （ 遷移側 対応）,transition
codegen\role_function_generator.py,6,A,other,が を保持,
codegen\role_function_generator.py,7,A,other,が 形式を検出,
codegen\role_function_generator.py,8,A,other,で 両対応の検索,
codegen\role_function_generator.py,10,A,other,追加,
codegen\role_function_generator.py,11,A,other,ガードを に追加,guard
codegen\role_function_generator.py,12,A,other,等の 演算子混入参照を弾く,
codegen\role_function_generator.py,13,A,other,に未定義参照の警告ログを追加,definition / warning
codegen\role_function_generator.py,15,A,other,追加,
codegen\role_function_generator.py,16,A,other,を追加（層フィルタ・案 ）,layer
codegen\role_function_generator.py,17,A,other,で自層の関数と呼び出し元ありの関数のみ,function / layer
codegen\role_function_generator.py,18,A,other,実装を出力するようフィルタ（空スタブ削減）,
codegen\role_function_generator.py,47,A,comment,追加 識別子検証用正規表現,
codegen\role_function_generator.py,56,A,comment,ヘルパー,
codegen\role_function_generator.py,81,A,string,つのロール関数呼び出しサイト（ ）,role function / function
codegen\role_function_generator.py,100,A,string,ロール関数生成クラス（多層ステートマシン対応・ 対応）,role function / function / layer
codegen\role_function_generator.py,103,A,comment,テーブル 宣言用テンプレート,
codegen\role_function_generator.py,108,A,string,ロール関数,role function / function
codegen\role_function_generator.py,110,A,string,遷移コンテキスト（ 可 から呼ばれる場合）,transition / context
codegen\role_function_generator.py,111,A,string,システムコンテキストポインタ,system / context / pointer
codegen\role_function_generator.py,112,A,string,成功 以外 エラー（条件判定にも使用可）,error / success / condition
codegen\role_function_generator.py,117,A,string,ロール関数,role function / function
codegen\role_function_generator.py,118,A,string,遷移コンテキスト（ 可 から呼ばれる場合）,transition / context
codegen\role_function_generator.py,119,A,string,システムコンテキストポインタ,system / context / pointer
codegen\role_function_generator.py,120,A,string,成功 以外 エラー（条件判定にも使用可）,error / success / condition
codegen\role_function_generator.py,132,A,comment,テーブル 実装用テンプレート（ ガード付き）,guard
codegen\role_function_generator.py,137,A,string,ロール関数,role function / function
codegen\role_function_generator.py,144,A,string,ロール関数,role function / function
codegen\role_function_generator.py,156,A,string,ガード（ からの呼び出し対応）,guard
codegen\role_function_generator.py,171,A,string,未使用警告抑制,warning
codegen\role_function_generator.py,174,A,string,未使用引数の警告抑制,argument / warning
codegen\role_function_generator.py,178,A,string,（ 内のインデックス）,
codegen\role_function_generator.py,185,A,string,へのローカルポインタ,pointer
codegen\role_function_generator.py,195,A,string,戻り値,return value
codegen\role_function_generator.py,196,A,string,ユーザーコード内で書き換え可,user
codegen\role_function_generator.py,202,A,string,ユーザー実装コードをここに記述,user
codegen\role_function_generator.py,212,A,comment,テーブル 定数,
codegen\role_function_generator.py,218,A,string,定数,
codegen\role_function_generator.py,225,A,comment,テーブル 呼び出し元テーブル用 共通構造体,
codegen\role_function_generator.py,231,A,string,ロール関数 呼び出し元テーブル（共通構造体）,role function / function
codegen\role_function_generator.py,232,A,string,の組でセルを識別,
codegen\role_function_generator.py,237,A,string,遷移元状態,state / transition
codegen\role_function_generator.py,238,A,string,発生イベント,event
codegen\role_function_generator.py,244,A,comment,テーブル,
codegen\role_function_generator.py,249,A,string,前方宣言（本体はファイル末尾）,
codegen\role_function_generator.py,260,A,string,変換（ファイル末尾）,
codegen\role_function_generator.py,261,A,string,ロール関数ごとの テーブルを線形探索し,role function / function
codegen\role_function_generator.py,262,A,string,一致したエントリのインデックスを返す,
codegen\role_function_generator.py,263,A,string,一致なし の場合は を,
codegen\role_function_generator.py,264,A,string,返す,
codegen\role_function_generator.py,267,A,string,情報を一意な に変換する,info
codegen\role_function_generator.py,268,A,string,遷移コンテキスト（ 可）,transition / context
codegen\role_function_generator.py,269,A,string,呼び出し元テーブル（ 可）,
codegen\role_function_generator.py,270,A,string,テーブルの要素数,
codegen\role_function_generator.py,271,A,string,テーブル内のインデックス（一致なしは ）,
codegen\role_function_generator.py,298,A,comment,テーブル 各関数の テーブル,function
codegen\role_function_generator.py,302,A,string,の呼び出し元テーブル,
codegen\role_function_generator.py,318,A,comment,テーブル 呼び出し元コメント,
codegen\role_function_generator.py,321,A,string,呼び出し元,
codegen\role_function_generator.py,326,A,string,呼び出し元 （なし）,
codegen\role_function_generator.py,330,A,comment,テーブル ファイル末尾のユーザー追加領域,user
codegen\role_function_generator.py,336,A,string,ユーザー追加領域,user
codegen\role_function_generator.py,337,A,string,ここに追加したコードは再生成時も保持されます,
codegen\role_function_generator.py,341,A,string,ユーザー追加コードをここに記述（ヘルパー関数など）,function / user
codegen\role_function_generator.py,346,A,comment,コンストラクタ,
codegen\role_function_generator.py,365,A,comment,名前生成（ 対応）,
codegen\role_function_generator.py,422,A,comment,重複除去,
codegen\role_function_generator.py,450,A,string,ロール関数,role function / function
codegen\role_function_generator.py,451,A,string,ロール関数,role function / function
codegen\role_function_generator.py,456,A,comment,参照文字列の正規化（識別子検証付き）,
codegen\role_function_generator.py,465,A,comment,引数部分を除去,argument
codegen\role_function_generator.py,469,A,comment,プレフィックスを処理,
codegen\role_function_generator.py,493,A,comment,追加 識別子検証,
codegen\role_function_generator.py,505,A,comment,条件式からの関数抽出,condition / function
codegen\role_function_generator.py,512,A,comment,形式,
codegen\role_function_generator.py,516,A,comment,形式,
codegen\role_function_generator.py,520,A,comment,形式,
codegen\role_function_generator.py,526,A,comment,文字列全体が,
codegen\role_function_generator.py,532,A,comment,式中の （ のみ）,
codegen\role_function_generator.py,541,A,comment,呼び出しサイト収集,
codegen\role_function_generator.py,631,A,string,未設定,settings
codegen\role_function_generator.py,643,A,comment,案 層フィルタ判定,layer
codegen\role_function_generator.py,647,A,other,この層のファイルに関数の実装を出すか判定（ 案 ）,function / layer
codegen\role_function_generator.py,649,A,other,実装を出す条件,condition
codegen\role_function_generator.py,650,A,other,自層の関数（ ）,function / layer
codegen\role_function_generator.py,651,A,other,自層の遷移から呼ばれている関数（ にエントリがある）,transition / function / layer
codegen\role_function_generator.py,653,A,other,それ以外（他層の関数で呼び出し元なし）はスキップする,function / layer
codegen\role_function_generator.py,654,A,other,これにより 他層の空スタブが大量に出力されるのを防ぐ,layer
codegen\role_function_generator.py,658,A,comment,自層の関数,function / layer
codegen\role_function_generator.py,662,A,comment,自層の遷移から呼ばれている関数,transition / function / layer
codegen\role_function_generator.py,673,A,comment,生成メソッド群,
codegen\role_function_generator.py,971,A,other,この層のファイル用の実装群を生成する,layer
codegen\role_function_generator.py,973,A,other,案,
codegen\role_function_generator.py,974,A,other,自層の関数（ ）,function / layer
codegen\role_function_generator.py,975,A,other,自層の遷移から呼ばれている関数,transition / function / layer
codegen\role_function_generator.py,976,A,other,のみを実装として出力する,
codegen\role_function_generator.py,977,A,other,他層の関数で呼び出し元がないものはスキップされ,function / layer
codegen\role_function_generator.py,978,A,other,空スタブが大量に出力されるのを防ぐ,
codegen\role_function_generator.py,985,A,comment,追加 未定義参照の検出（フィルタ前の全関数で判定）,definition / function
codegen\role_function_generator.py,1001,A,comment,案 層フィルタ,layer
codegen\role_function_generator.py,1057,A,string,遷移コンテキスト,transition / context
codegen\role_function_generator.py,1059,A,string,システムコンテキストポインタ,system / context / pointer
codegen\sample_data.py,3,C,other,コード生成テスト用サンプルデータ,
codegen\sample_data.py,4,C,other,とは独立したテストデータを提供する,
codegen\sample_data.py,6,C,other,修正,
codegen\sample_data.py,7,C,other,の を に移行（バグ ）,
codegen\sample_data.py,8,C,other,フィールドは で 互換用・未使用 と定義され,definition
codegen\sample_data.py,9,C,other,は のみ参照するため,
codegen\sample_data.py,10,C,other,では呼び出しがコード生成に反映されない,
codegen\sample_data.py,29,C,string,サンプルデータ生成クラス,
codegen\sample_data.py,38,C,string,初期状態,state
codegen\sample_data.py,39,C,string,アイドル状態,state
codegen\sample_data.py,40,C,string,実行状態,state / execute
codegen\sample_data.py,41,C,string,エラー状態,state / error
codegen\sample_data.py,44,C,string,電源 イベント,event
codegen\sample_data.py,45,C,string,開始イベント,event
codegen\sample_data.py,46,C,string,停止イベント,event / stop
codegen\sample_data.py,47,C,string,エラー検出イベント,event / error
codegen\sample_data.py,50,C,comment,修正,
codegen\sample_data.py,57,C,string,電源,
codegen\sample_data.py,65,C,string,開始,
codegen\sample_data.py,72,C,string,停止,stop
codegen\sample_data.py,79,C,string,エラー処理,error
codegen\sample_data.py,84,C,string,電源 処理,
codegen\sample_data.py,88,C,string,開始条件チェック,condition
codegen\sample_data.py,92,C,string,開始処理,
codegen\sample_data.py,96,C,string,停止処理,stop
codegen\sample_data.py,100,C,string,エラー処理,error
codegen\sample_data.py,106,C,string,データ処理,
codegen\sample_data.py,117,C,string,バッテリー電圧,
codegen\sample_data.py,119,C,string,システムタイマ,timer / system
codegen\sample_data.py,121,C,string,温度センサ値,
codegen\sample_data.py,123,C,string,データバッファ,
codegen\sample_data.py,129,C,string,電源 要求,
codegen\sample_data.py,131,C,string,開始要求,
codegen\sample_data.py,133,C,string,停止要求,stop
codegen\sample_data.py,135,C,string,エラーフラグ,error / flag
codegen\sample_data.py,139,C,string,システム状態管理構造体,state / system
codegen\sample_data.py,141,C,string,電源 状態,state
codegen\sample_data.py,143,C,string,初期化完了フラグ,initialization / completed / flag
codegen\sample_data.py,145,C,string,エラーコード,error / error code
codegen\sample_data.py,147,C,string,動作モード,
codegen\sample_data.py,149,C,string,センサーデータ構造体,
codegen\sample_data.py,151,C,string,温度値,
codegen\sample_data.py,153,C,string,湿度値,
codegen\sample_data.py,155,C,string,気圧値,
codegen\sample_data.py,168,C,string,メインイベントキュー,event / queue
codegen\sample_data.py,178,C,string,高優先度イベントキュー,event / queue / priority
codegen\sample_data.py,185,C,string,受信割り込み,interrupt
codegen\sample_data.py,198,C,string,タイマ割り込み,interrupt / timer
codegen\sample_data.py,208,C,string,通信ポート,
codegen\sample_data.py,209,C,string,コンバータ,
codegen\struct_generator.py,3,A,other,構造体コード生成モジュール（多層ステートマシン対応版）,layer
codegen\struct_generator.py,5,A,other,生成する構造体,
codegen\struct_generator.py,6,A,other,ユーザー定義型（変更なし）,definition / type / user
codegen\struct_generator.py,7,A,other,グローバル変数（変更なし）,variable
codegen\struct_generator.py,8,A,other,イベントフラグ（変更なし）,event / flag
codegen\struct_generator.py,9,A,other,（ 追加）,
codegen\struct_generator.py,10,A,other,共通 （ 新規・基底型）,type
codegen\struct_generator.py,11,A,other,（ 新規・層ごと）,layer
codegen\struct_generator.py,12,A,other,マクロ（ 新規）,
codegen\struct_generator.py,14,A,other,設計方針,
codegen\struct_generator.py,15,A,other,テンプレートは でデータテーブル化,
codegen\struct_generator.py,16,A,other,は （層の 値を汎用保持）,layer
codegen\struct_generator.py,17,A,other,層ごとの と 共通の基底型 を両方提供,type / layer
codegen\struct_generator.py,43,A,string,構造体コード生成クラス（多層ステートマシン対応）,layer
codegen\struct_generator.py,46,A,comment,データテーブル 共通構造体テンプレート（ 等）,
codegen\struct_generator.py,49,A,comment,セクションコメント,
codegen\struct_generator.py,55,A,comment,開始,
codegen\struct_generator.py,60,A,comment,メンバー,
codegen\struct_generator.py,62,A,string,グローバル変数,variable
codegen\struct_generator.py,65,A,string,イベントフラグ,event / flag
codegen\struct_generator.py,68,A,comment,メンバー,
codegen\struct_generator.py,70,A,string,保留中のイベント,event
codegen\struct_generator.py,73,A,string,保留イベント有効フラグ,event / flag
codegen\struct_generator.py,76,A,comment,終了（ に修正）,
codegen\struct_generator.py,83,A,comment,データテーブル 共通マクロテンプレート,
codegen\struct_generator.py,86,A,comment,セクションコメント,
codegen\struct_generator.py,90,A,string,保留イベント制御,event
codegen\struct_generator.py,94,A,comment,マクロ,
codegen\struct_generator.py,97,A,string,イベント発火マクロ,event
codegen\struct_generator.py,98,A,string,ロール関数内で使用,role function / function
codegen\struct_generator.py,105,A,comment,マクロ,
codegen\struct_generator.py,108,A,string,保留イベント連続処理の上限,event
codegen\struct_generator.py,109,A,string,無限ループ防止用 ビルド時に で上書き可能,
codegen\struct_generator.py,117,A,comment,データテーブル 共通 テンプレート,
codegen\struct_generator.py,121,A,string,汎用遷移コンテキスト（層を問わない共通ロール関数用）,transition / role function / function / layer / context
codegen\struct_generator.py,122,A,string,各層の と同じレイアウト,layer
codegen\struct_generator.py,128,A,string,遷移元状態（層の 値をキャスト）,state / transition / layer
codegen\struct_generator.py,131,A,string,発生イベント（層の 値をキャスト）,event / layer
codegen\struct_generator.py,139,A,comment,データテーブル 層ごとの,layer
codegen\struct_generator.py,143,A,string,層の遷移コンテキスト,transition / layer / context
codegen\struct_generator.py,149,A,string,遷移元状態,state / transition
codegen\struct_generator.py,152,A,string,発生イベント,event
codegen\struct_generator.py,154,A,comment,に修正,
codegen\struct_generator.py,161,A,comment,データテーブル メンバー種別検出,
codegen\struct_generator.py,170,A,comment,データテーブル メンバー生成テンプレート,
codegen\struct_generator.py,185,A,comment,コンストラクタ,
codegen\struct_generator.py,196,A,string,層名を設定（層ごとの 生成用）,settings / layer
codegen\struct_generator.py,205,A,comment,ヘルパー,
codegen\struct_generator.py,214,A,string,メンバーを生成,
codegen\struct_generator.py,239,A,comment,ユーザー定義型（ ）,definition / type / user
codegen\struct_generator.py,245,A,comment,コメント,
codegen\struct_generator.py,251,A,comment,本体,
codegen\struct_generator.py,274,A,comment,コメント,
codegen\struct_generator.py,279,A,comment,本体,
codegen\struct_generator.py,285,A,comment,グループコメント,
codegen\struct_generator.py,292,A,comment,説明・単位,description
codegen\struct_generator.py,301,A,comment,変数本体,variable
codegen\struct_generator.py,320,A,comment,コメント,
codegen\struct_generator.py,325,A,comment,本体,
codegen\struct_generator.py,331,A,comment,グループコメント,
codegen\struct_generator.py,338,A,comment,説明,description
codegen\struct_generator.py,342,A,comment,フラグ本体,flag
codegen\struct_generator.py,350,A,comment,（ 追加）,
codegen\struct_generator.py,354,A,other,を生成（ 追加）,
codegen\struct_generator.py,356,A,other,生成例,
codegen\struct_generator.py,357,A,other,システム全体構造体,system
codegen\struct_generator.py,358,A,other,グローバル変数とイベントフラグを統合管理,event / variable / flag
codegen\struct_generator.py,360,A,other,グローバル変数,variable
codegen\struct_generator.py,361,A,other,イベントフラグ,event / flag
codegen\struct_generator.py,362,A,other,保留中のイベント,event
codegen\struct_generator.py,363,A,other,保留イベント有効フラグ,event / flag
codegen\struct_generator.py,370,A,comment,コメント,
codegen\struct_generator.py,373,A,string,システム全体構造体,system
codegen\struct_generator.py,374,A,string,グローバル変数とイベントフラグを統合管理,event / variable / flag
codegen\struct_generator.py,377,A,comment,本体,
codegen\struct_generator.py,390,A,comment,終了,
codegen\struct_generator.py,398,A,comment,共通 （基底型）,type
codegen\struct_generator.py,402,A,other,共通の基底型 を生成,type
codegen\struct_generator.py,404,A,other,生成例,
codegen\struct_generator.py,405,A,other,汎用遷移コンテキスト（層を問わない共通ロール関数用）,transition / role function / function / layer / context
codegen\struct_generator.py,406,A,other,各層の と同じレイアウト,layer
codegen\struct_generator.py,408,A,other,遷移元状態（層の 値をキャスト）,state / transition / layer
codegen\struct_generator.py,409,A,other,発生イベント（層の 値をキャスト）,event / layer
codegen\struct_generator.py,424,A,comment,層ごとの,layer
codegen\struct_generator.py,429,A,other,層ごとの を生成,layer
codegen\struct_generator.py,432,A,other,層の状態型（例 ）,state / type / layer
codegen\struct_generator.py,433,A,other,層のイベント型（例 ）,event / type / layer
codegen\struct_generator.py,435,A,other,生成例,
codegen\struct_generator.py,436,A,other,層の遷移コンテキスト,transition / layer / context
codegen\struct_generator.py,438,A,other,遷移元状態,state / transition
codegen\struct_generator.py,439,A,other,発生イベント,event
codegen\struct_generator.py,461,A,comment,マクロ（ ）,
codegen\struct_generator.py,465,A,other,保留イベント制御マクロを生成,event
codegen\struct_generator.py,467,A,other,生成例,
codegen\struct_generator.py,469,A,other,保留イベント制御,event
codegen\struct_generator.py,472,A,other,イベント発火マクロ,event
codegen\struct_generator.py,473,A,other,ロール関数内で使用,role function / function
codegen\struct_generator.py,479,A,other,保留イベント連続処理の上限,event
codegen\struct_generator.py,480,A,other,無限ループ防止用 ビルド時に で上書き可能,
codegen\struct_generator.py,495,A,comment,一括生成,
codegen\struct_generator.py,499,A,other,全構造体を一括生成（ ）,
codegen\struct_generator.py,501,A,other,注意 と マクロは別メソッド,
codegen\struct_generator.py,530,A,other,全ての生成物を辞書で返す,
codegen\struct_generator.py,534,A,other,ユーザー定義型,definition / type / user
codegen\struct_generator.py,537,A,other,（ 付き）,
codegen\struct_generator.py,538,A,other,共通 （基底型）,type
codegen\struct_generator.py,558,A,comment,後方互換,
codegen\struct_generator.py,561,A,string,後方互換 単一構造体を生成,
codegen\timer_generator.py,3,A,other,タイマ変数生成モジュール（完全データ駆動版）,variable / timer
codegen\timer_generator.py,5,A,other,修正,
codegen\timer_generator.py,6,A,other,を廃止,
codegen\timer_generator.py,7,A,other,タイマ変数は 内に 経由で,variable / timer
codegen\timer_generator.py,8,A,other,既に展開されているため 未使用の を出力しない,
codegen\timer_generator.py,33,A,string,タイマ変数生成クラス（完全データ駆動）,variable / timer
codegen\timer_generator.py,117,A,string,タイマ変数構造体 システム全体で使用するタイマ変数を管理,variable / timer / system
codegen\timer_generator.py,149,A,string,タイマ変数初期化,initialization / variable / timer
codegen\timer_generator.py,150,A,string,システムコンテキストポインタ,system / context / pointer
codegen\timer_generator.py,204,A,string,タイマ更新処理,timer
codegen\timer_generator.py,205,A,string,システムコンテキストポインタ,system / context / pointer
codegen\timer_generator.py,232,A,other,タイマ変数構造体生成,variable / timer
codegen\timer_generator.py,234,A,other,変更,
codegen\timer_generator.py,235,A,other,タイマ変数は 内に既に展開されており,variable / timer
codegen\timer_generator.py,236,A,other,は使用されていなかった（ ）,
codegen\timer_generator.py,237,A,other,後方互換のため関数自体は残すが 空文字列を返すように変更,function
codegen\transition_generator.py,3,A,other,状態遷移関数生成モジュール（多層ステートマシン対応版）,state / transition / function / layer
codegen\transition_generator.py,5,A,other,生成物,
codegen\transition_generator.py,6,A,other,セル単位の遷移関数（ 短縮名 ）,transition / function
codegen\transition_generator.py,7,A,other,前方宣言（プロトタイプ）,
codegen\transition_generator.py,8,A,other,実装本体,
codegen\transition_generator.py,9,A,other,遷移テーブル（グローバル 宣言付き）,transition
codegen\transition_generator.py,10,A,other,関数ディクショナリ（デバッグ・リフレクション用）,function / debug
codegen\transition_generator.py,11,A,other,関数,function
codegen\transition_generator.py,12,A,other,関数,function
codegen\transition_generator.py,14,A,other,設計方針,
codegen\transition_generator.py,15,A,other,遷移テーブルは外部から参照可能（グローバル）,transition
codegen\transition_generator.py,16,A,other,セル関数は （内部実装詳細）,function
codegen\transition_generator.py,17,A,other,セル関数は前方宣言してから テーブル・実装を出力（順序非依存）,function
codegen\transition_generator.py,18,A,other,テーブルは行 状態 列 イベントの横並び仕様書形式,state / event
codegen\transition_generator.py,20,A,other,修正,
codegen\transition_generator.py,21,A,other,形式（例 ）を,
codegen\transition_generator.py,22,A,other,正しく に変換,
codegen\transition_generator.py,23,A,other,旧 コンパイルエラー,error
codegen\transition_generator.py,24,A,other,新 正しい,
codegen\transition_generator.py,51,A,comment,ヘルパー,
codegen\transition_generator.py,54,A,string,文字列 リストを に正規化,
codegen\transition_generator.py,66,A,string,状態遷移関数生成クラス（多層ステートマシン対応）,state / transition / function / layer
codegen\transition_generator.py,68,A,comment,セル関数の短縮名を使うか（ のため推奨 ）,function
codegen\transition_generator.py,71,A,comment,遷移テーブルの最小列幅,transition
codegen\transition_generator.py,74,A,comment,デフォルト設定値,settings
codegen\transition_generator.py,79,A,comment,テンプレート群,
codegen\transition_generator.py,82,A,comment,ヘッダーコメント,
codegen\transition_generator.py,85,A,string,セル遷移,transition
codegen\transition_generator.py,89,A,comment,関数シグネチャ,function
codegen\transition_generator.py,98,A,comment,状態変数初期化,state / initialization / variable
codegen\transition_generator.py,103,A,comment,条件付き遷移ブロック,transition / condition
codegen\transition_generator.py,106,A,string,遷移,transition
codegen\transition_generator.py,114,A,comment,条件なし遷移ブロック,transition / condition
codegen\transition_generator.py,117,A,string,遷移 条件なし遷移,transition / condition
codegen\transition_generator.py,125,A,comment,呼び出し行,
codegen\transition_generator.py,130,A,comment,節ヘッダー,
codegen\transition_generator.py,133,A,string,節,
codegen\transition_generator.py,136,A,comment,呼び出し行,
codegen\transition_generator.py,141,A,comment,遷移先,transition
codegen\transition_generator.py,146,A,comment,遷移先未設定,transition / settings
codegen\transition_generator.py,148,A,string,遷移先未設定,transition / settings
codegen\transition_generator.py,151,A,comment,関数本体終了,function
codegen\transition_generator.py,160,A,comment,データテーブル セル関数の前方宣言,function
codegen\transition_generator.py,163,A,comment,セクションコメント,
codegen\transition_generator.py,164,A,string,セル単位遷移関数の前方宣言,transition / function
codegen\transition_generator.py,166,A,comment,プロトタイプ本体,
codegen\transition_generator.py,175,A,comment,データテーブル 遷移テーブル（グローバル 横並び）,transition
codegen\transition_generator.py,178,A,comment,関数ポインタ型,function / type / pointer
codegen\transition_generator.py,179,A,string,遷移関数ポインタ型,transition / function / type / pointer
codegen\transition_generator.py,185,A,comment,テーブル説明コメント,description
codegen\transition_generator.py,189,A,string,状態遷移テーブル 行 列,state / transition
codegen\transition_generator.py,190,A,string,グローバル変数（外部から参照可能）,variable
codegen\transition_generator.py,194,A,comment,テーブル本体（ なし グローバル）,
codegen\transition_generator.py,200,A,comment,テーブル終了,
codegen\transition_generator.py,205,A,comment,データテーブル ヘッダ用の 宣言,
codegen\transition_generator.py,208,A,comment,ヘッダコメント,
codegen\transition_generator.py,211,A,string,遷移テーブル（ 層）,transition / layer
codegen\transition_generator.py,212,A,string,行 列,
codegen\transition_generator.py,216,A,comment,関数ポインタ型,function / type / pointer
codegen\transition_generator.py,222,A,comment,宣言,
codegen\transition_generator.py,230,A,comment,データテーブル 関数ディクショナリ,function
codegen\transition_generator.py,233,A,comment,エントリ構造体コメント,
codegen\transition_generator.py,235,A,string,遷移関数ディクショナリ用エントリ,transition / function
codegen\transition_generator.py,236,A,string,デバッグ・ログ出力・動的ディスパッチに使用,debug
codegen\transition_generator.py,239,A,comment,エントリ構造体開始,
codegen\transition_generator.py,242,A,string,遷移名,transition
codegen\transition_generator.py,245,A,comment,メンバ 遷移元状態,state / transition
codegen\transition_generator.py,247,A,string,遷移元状態,state / transition
codegen\transition_generator.py,250,A,comment,メンバ 発生イベント,event
codegen\transition_generator.py,252,A,string,発生イベント,event
codegen\transition_generator.py,255,A,comment,メンバ 代表遷移先,transition
codegen\transition_generator.py,257,A,string,代表遷移先,transition
codegen\transition_generator.py,260,A,comment,メンバ 条件式,condition
codegen\transition_generator.py,262,A,string,条件式（文字列）,condition
codegen\transition_generator.py,265,A,comment,メンバ 遷移関数ポインタ,transition / function / pointer
codegen\transition_generator.py,267,A,string,遷移関数ポインタ,transition / function / pointer
codegen\transition_generator.py,270,A,comment,エントリ構造体終了,
codegen\transition_generator.py,273,A,comment,ディクショナリコメント,
codegen\transition_generator.py,274,A,string,遷移関数ディクショナリ,transition / function
codegen\transition_generator.py,276,A,comment,ディクショナリ開始,
codegen\transition_generator.py,281,A,comment,ディクショナリエントリ,
codegen\transition_generator.py,288,A,comment,ディクショナリ終了,
codegen\transition_generator.py,291,A,comment,サイズマクロ,
codegen\transition_generator.py,300,A,comment,データテーブル,
codegen\transition_generator.py,303,A,comment,コメント,
codegen\transition_generator.py,306,A,string,層の状態遷移処理,state / transition / layer
codegen\transition_generator.py,307,A,string,現在の状態,state
codegen\transition_generator.py,308,A,string,発生したイベント,event
codegen\transition_generator.py,309,A,string,システムコンテキストポインタ,system / context / pointer
codegen\transition_generator.py,310,A,string,遷移後の状態,state / transition
codegen\transition_generator.py,314,A,comment,シグネチャ,
codegen\transition_generator.py,323,A,comment,本体,
codegen\transition_generator.py,340,A,comment,データテーブル,
codegen\transition_generator.py,343,A,comment,コメント,
codegen\transition_generator.py,346,A,string,層の次のイベントを取得,event / layer
codegen\transition_generator.py,347,A,string,システムコンテキストポインタ,system / context / pointer
codegen\transition_generator.py,348,A,string,次のイベント（保留なしの場合は ）,event
codegen\transition_generator.py,352,A,comment,シグネチャ,
codegen\transition_generator.py,357,A,comment,本体,
codegen\transition_generator.py,381,A,comment,コンストラクタ,
codegen\transition_generator.py,391,A,comment,テーブル（ ）,
codegen\transition_generator.py,398,A,comment,テーブル（ ）,
codegen\transition_generator.py,405,A,string,層名を設定（例 ）,settings / layer
codegen\transition_generator.py,413,A,comment,名前生成,
codegen\transition_generator.py,421,A,string,（空の場合は ）,
codegen\transition_generator.py,457,A,other,ロール関数呼び出し文を生成する,role function / function
codegen\transition_generator.py,459,A,other,修正,
codegen\transition_generator.py,460,A,other,形式（例 ）を,
codegen\transition_generator.py,461,A,other,に正しく変換する,
codegen\transition_generator.py,463,A,other,の と整合,
codegen\transition_generator.py,464,A,other,側,
codegen\transition_generator.py,465,A,other,側（本メソッド） 同じ変換を適用,
codegen\transition_generator.py,467,A,other,旧バグ,
codegen\transition_generator.py,469,A,string,が を処理せず のまま,
codegen\transition_generator.py,470,A,other,コンパイルエラー,error
codegen\transition_generator.py,472,A,other,修正後,
codegen\transition_generator.py,474,A,string,で に分離,
codegen\transition_generator.py,475,A,other,正しい,
codegen\transition_generator.py,478,A,string,空のロール関数参照,role function / function
codegen\transition_generator.py,480,A,comment,既に プレフィックス付き,
codegen\transition_generator.py,484,A,comment,形式の処理,
codegen\transition_generator.py,487,A,comment,名前空間も 化（ ）,namespace
codegen\transition_generator.py,492,A,comment,名前空間なし,namespace
codegen\transition_generator.py,501,A,comment,セル単位の遷移関数,transition / function
codegen\transition_generator.py,504,A,string,全セルの遷移関数を生成,transition / function
codegen\transition_generator.py,516,A,comment,セル単位の遷移関数（前方宣言）,transition / function
codegen\transition_generator.py,520,A,other,セル単位遷移関数の前方宣言（プロトタイプ）を生成,transition / function
codegen\transition_generator.py,522,A,other,生成例,
codegen\transition_generator.py,523,A,other,セル単位遷移関数の前方宣言,transition / function
codegen\transition_generator.py,547,A,string,セル分の遷移関数を文字列として組み立て,transition / function
codegen\transition_generator.py,551,A,comment,ヘッダーコメント,
codegen\transition_generator.py,558,A,comment,関数シグネチャ 本体開始,function
codegen\transition_generator.py,566,A,comment,各遷移ブロック,transition
codegen\transition_generator.py,570,A,comment,節（最後の遷移にのみ）,transition
codegen\transition_generator.py,575,A,comment,関数本体終了,function
codegen\transition_generator.py,581,A,string,つの遷移ブロックを文字列として組み立て,transition
codegen\transition_generator.py,587,A,comment,を つの文字列にまとめる,
codegen\transition_generator.py,593,A,comment,条件の有無でテンプレートを切り替え,condition
codegen\transition_generator.py,606,A,string,節を文字列として組み立て,
codegen\transition_generator.py,611,A,comment,も も無ければ出力しない,
codegen\transition_generator.py,628,A,comment,遷移テーブル（ 版）,transition
codegen\transition_generator.py,632,A,other,遷移テーブルを生成,transition
codegen\transition_generator.py,637,A,other,（ の場合はデフォルト ）,
codegen\transition_generator.py,652,A,comment,は未実装 にフォールバック,
codegen\transition_generator.py,663,A,string,配列方式（現行実装）,
codegen\transition_generator.py,668,A,comment,名前の準備,ready
codegen\transition_generator.py,675,A,comment,セル値を事前計算,
codegen\transition_generator.py,685,A,comment,列幅を計算,
codegen\transition_generator.py,698,A,comment,関数ポインタ型,function / type / pointer
codegen\transition_generator.py,706,A,comment,テーブル説明,description
codegen\transition_generator.py,708,A,string,状態 イベント,state / event
codegen\transition_generator.py,711,A,comment,テーブル開始,
codegen\transition_generator.py,719,A,comment,ヘッダ行,
codegen\transition_generator.py,727,A,comment,罫線,
codegen\transition_generator.py,734,A,comment,データ行,
codegen\transition_generator.py,747,A,comment,テーブル終了,
codegen\transition_generator.py,753,A,string,方式（未実装 フォールバック）,
codegen\transition_generator.py,762,A,string,方式（未実装 フォールバック）,
codegen\transition_generator.py,771,A,comment,ヘッダ用 宣言,
codegen\transition_generator.py,778,A,string,システム,system
codegen\transition_generator.py,779,A,string,状態 イベント,state / event
codegen\transition_generator.py,796,A,comment,関数ディクショナリ,function
codegen\transition_generator.py,799,A,string,名前ベースの関数ディクショナリを生成,function
codegen\transition_generator.py,803,A,comment,名前の準備,ready
codegen\transition_generator.py,811,A,comment,エントリ構造体,
codegen\transition_generator.py,821,A,comment,ディクショナリ本体,
codegen\transition_generator.py,833,A,comment,遷移名,transition
codegen\transition_generator.py,838,A,comment,代表遷移先,transition
codegen\transition_generator.py,857,A,comment,（ 版）,
codegen\transition_generator.py,861,A,other,状態遷移処理関数を生成,state / transition / function
codegen\transition_generator.py,866,A,other,（ の場合はデフォルト ）,
codegen\transition_generator.py,891,A,string,テーブル駆動方式（現行実装）,
codegen\transition_generator.py,896,A,string,システム,system
codegen\transition_generator.py,910,A,string,方式（未実装 フォールバック）,
codegen\transition_generator.py,922,A,string,保留イベントを取得する関数を生成,event / function
codegen\transition_generator.py,931,A,string,システム,system
codegen\transition_generator.py,945,A,comment,一括生成,
codegen\transition_generator.py,949,A,other,全生成物を辞書で返す,
codegen\transition_generator.py,953,A,other,セル関数の前方宣言,function
codegen\transition_generator.py,954,A,other,セル関数実装,function
codegen\transition_generator.py,955,A,other,次元配列テーブル（グローバル）,
codegen\transition_generator.py,956,A,other,テーブルの 宣言,
codegen\transition_generator.py,957,A,other,関数ディクショナリ,function
codegen\transition_generator.py,973,A,comment,後方互換,
codegen\transition_generator.py,977,A,string,後方互換 単一文字列として返す（前方宣言 実装 テーブル ）,
codegen\type_mapper.py,3,C,other,言語型マッピングモジュール（辞書駆動版）,type
codegen\type_mapper.py,19,C,string,の型を 言語の型にマッピングするクラス,type
codegen\variable_generator.py,3,A,other,変数・フラグ生成モジュール（多層ステートマシン対応版）,variable / flag / layer
codegen\variable_generator.py,5,A,other,修正,
codegen\variable_generator.py,6,A,other,でカスタム構造体変数を で初期化,initialization / variable
codegen\variable_generator.py,7,A,other,（ までは でコンパイルエラー）,error
codegen\variable_generator.py,9,A,other,修正,
codegen\variable_generator.py,10,A,other,アクセスマクロのフィールド名を修正,
codegen\variable_generator.py,11,A,other,バグ,
codegen\variable_generator.py,12,A,other,修正後,
codegen\variable_generator.py,13,A,other,マクロ名は大文字（ ） フィールド名は を使用,
codegen\variable_generator.py,15,A,other,修正,
codegen\variable_generator.py,16,A,other,サフィックス付き標準型（ 等）を正しく認識,type
codegen\variable_generator.py,17,A,string,旧 に はあるが がない,
codegen\variable_generator.py,18,A,other,標準型がカスタム型扱いされて冗長な を生成,type
codegen\variable_generator.py,19,A,other,新 に 付き型を追加,type
codegen\variable_generator.py,20,A,other,で 修飾子を除去してから判定,
codegen\variable_generator.py,50,A,string,変数・フラグ生成クラス（多層ステートマシン対応）,variable / flag / layer
codegen\variable_generator.py,55,A,string,システムコンテキスト初期化,initialization / system / context
codegen\variable_generator.py,56,A,string,システムコンテキストポインタ,system / context / pointer
codegen\variable_generator.py,64,A,string,チェック,
codegen\variable_generator.py,74,A,string,グローバル変数の初期化,initialization / variable
codegen\variable_generator.py,77,A,string,イベントフラグの初期化,event / initialization / flag
codegen\variable_generator.py,80,A,string,保留イベントの初期化,event / initialization
codegen\variable_generator.py,118,A,comment,修正 サフィックス付き標準型を追加,type
codegen\variable_generator.py,119,A,comment,の と整合,
codegen\variable_generator.py,120,A,comment,に変換されるため,
codegen\variable_generator.py,121,A,comment,生成コード側でも を標準型として扱う必要がある,type
codegen\variable_generator.py,124,A,comment,符号付き整数,
codegen\variable_generator.py,128,A,comment,符号なし整数,
codegen\variable_generator.py,132,A,comment,浮動小数,
codegen\variable_generator.py,134,A,comment,真偽 文字,
codegen\variable_generator.py,139,A,comment,型修飾子（先頭に付く可能性があるもの）,type
codegen\variable_generator.py,142,A,comment,マクロ名とフィールド名を分離,
codegen\variable_generator.py,248,A,comment,マクロ生成（マクロ名 大文字 フィールド名 元のまま）,
codegen\variable_generator.py,252,A,other,データアクセスマクロを生成,
codegen\variable_generator.py,254,A,other,修正,
codegen\variable_generator.py,255,A,other,旧 フィールド名が大文字（バグ）,
codegen\variable_generator.py,256,A,other,新 フィールド名を元のまま,
codegen\variable_generator.py,267,A,other,フラグアクセスマクロを生成,flag
codegen\variable_generator.py,269,A,other,修正,
codegen\variable_generator.py,270,A,other,旧 バグ,
codegen\variable_generator.py,271,A,other,新 一致（元 ）,
codegen\variable_generator.py,272,A,other,フィールド名は 側で されてない場合あり,
codegen\variable_generator.py,290,A,comment,追加 型名の正規化,type
codegen\variable_generator.py,294,A,other,型名を正規化して で引けるようにする,type
codegen\variable_generator.py,296,A,other,例,
codegen\variable_generator.py,300,A,other,（変更なし）,
codegen\variable_generator.py,305,A,comment,先頭の修飾子を除去,
codegen\variable_generator.py,308,A,comment,符号修飾子は などの複合型を保持するため,type
codegen\variable_generator.py,309,A,comment,単独の場合はそのまま それ以外はそのまま,
codegen\variable_generator.py,314,A,comment,初期化コード生成,initialization
codegen\variable_generator.py,324,A,other,修正,
codegen\variable_generator.py,325,A,other,カスタム型（ に無い型）は を使用,type
codegen\variable_generator.py,326,A,other,プリミティブ型は直接代入 などの数値代入,type
codegen\variable_generator.py,328,A,other,修正,
codegen\variable_generator.py,329,A,other,サフィックス付き標準型（ 等）を正しく認識,type
codegen\variable_generator.py,330,A,other,等の修飾子を除去してから判定,
codegen\variable_generator.py,331,A,other,これにより冗長な の生成を防ぐ,
codegen\variable_generator.py,337,A,comment,カスタム型判定（正規化後の型名で）,type
codegen\variable_generator.py,348,A,comment,標準型 など,type
codegen\variable_generator.py,374,A,comment,公開,
codegen\__init__.py,3,C,other,コード生成層,layer
codegen\__init__.py,5,C,other,追加,
codegen\__init__.py,6,C,other,再エクスポートは最小限に留める,
codegen\__init__.py,7,C,other,は生成時に多数のサブモジュールを読み込むため,
codegen\__init__.py,8,C,other,トップレベルで再エクスポートしない（起動時間短縮のため）,start
codegen\__init__.py,20,C,other,遅延インポート,
codegen\__init__.py,22,C,other,のように使われた時のみ,
codegen\__init__.py,23,C,other,実際のモジュールをロードする,
codegen\__init__.py,24,C,other,起動時間を抑えつつ 利便性を確保する,start
codegen\validate\change_actions.py,3,C,other,変更アクション定義,definition / action
codegen\validate\change_actions.py,12,C,string,変更アクション種別,action
codegen\validate\change_actions.py,27,C,string,変更リクエスト,
codegen\validate\change_applier.py,3,C,other,変更適用エンジン（修正版）,
codegen\validate\change_applier.py,5,C,other,変更,
codegen\validate\change_applier.py,6,C,other,に を追加（ との不一致解消）,
codegen\validate\change_applier.py,7,C,other,メソッドを実装,
codegen\validate\change_applier.py,21,C,string,変更リクエストをシステムに適用する,system
codegen\validate\change_applier.py,29,C,comment,ハンドラ辞書を文字列キーで定義,definition
codegen\validate\change_applier.py,38,C,other,追加,
codegen\validate\change_applier.py,45,C,string,変更を適用,
codegen\validate\change_applier.py,48,C,comment,の値（文字列）でハンドラを取得,
codegen\validate\change_applier.py,55,C,string,未対応のアクション,action
codegen\validate\change_applier.py,72,C,string,全変更を適用,
codegen\validate\change_applier.py,94,C,string,状態 が存在しません,state
codegen\validate\change_applier.py,96,C,string,初期状態を に設定しました,state / settings
codegen\validate\change_applier.py,107,C,string,遷移の情報が不足しています,transition / info
codegen\validate\change_applier.py,117,C,string,遷移 を追加しました,transition
codegen\validate\change_applier.py,126,C,string,状態名が指定されていません,state
codegen\validate\change_applier.py,128,C,string,状態 は既に存在します,state
codegen\validate\change_applier.py,130,C,comment,に存在しない値は にフォールバック,
codegen\validate\change_applier.py,138,C,comment,パラメータを受理（ 用）,
codegen\validate\change_applier.py,147,C,string,状態 を追加しました,state
codegen\validate\change_applier.py,154,C,string,イベント名が指定されていません,event
codegen\validate\change_applier.py,156,C,string,イベント は既に存在します,event
codegen\validate\change_applier.py,160,C,string,イベント を追加しました,event
codegen\validate\change_applier.py,170,C,string,遷移 を削除しました,transition
codegen\validate\change_applier.py,172,C,string,該当する遷移が見つかりません,transition
codegen\validate\change_applier.py,186,C,string,遷移 を更新しました,transition
codegen\validate\change_applier.py,188,C,string,該当する遷移が見つかりません,transition
codegen\validate\change_applier.py,195,C,string,関数名が指定されていません,function
codegen\validate\change_applier.py,197,C,string,関数 は既に存在します,function
codegen\validate\change_applier.py,206,C,string,ロール関数 を追加しました,role function / function
codegen\validate\change_applier.py,210,C,other,ロール関数を削除する,role function / function
codegen\validate\change_applier.py,212,C,other,追加 と対応,
codegen\validate\change_applier.py,214,C,string,または のどちらでも可,
codegen\validate\change_applier.py,218,C,string,関数名が指定されていません,function
codegen\validate\change_applier.py,225,C,comment,完全一致,
codegen\validate\change_applier.py,228,C,string,ロール関数 を削除しました,role function / function
codegen\validate\change_applier.py,230,C,comment,での一致（ 形式）,
codegen\validate\change_applier.py,235,C,string,ロール関数 を削除しました,role function / function
codegen\validate\change_applier.py,237,C,comment,純粋名での一致（ を無視して フィールドで探す）,ignore
codegen\validate\change_applier.py,241,C,string,ロール関数 を削除しました,role function / function
codegen\validate\change_applier.py,243,C,string,関数 が見つかりません,function
codegen\validate\change_applier.py,252,C,string,変数 を追加しました,variable
codegen\validate\change_applier.py,261,C,string,フラグ を追加しました,flag
codegen\validate\clipboard_manager.py,3,C,other,クリップボード管理,
codegen\validate\clipboard_manager.py,15,C,string,クリップボード管理クラス,
codegen\validate\logger.py,3,C,other,検証モジュール用ロガー設定,settings
codegen\validate\logger.py,12,C,string,ロガーをセットアップ,
codegen\validate\logger.py,20,C,comment,コンソールハンドラ,
codegen\validate\logger.py,30,C,comment,ファイルハンドラ,
codegen\validate\logger.py,52,C,comment,デフォルトロガー（ として公開）,
codegen\validate\models.py,3,C,other,検証データモデル定義,definition
codegen\validate\models.py,12,C,string,検証重大度,
codegen\validate\models.py,19,C,string,文字列から変換,
codegen\validate\models.py,27,C,string,エラー,error
codegen\validate\models.py,28,C,string,警告,warning
codegen\validate\models.py,29,C,string,情報,info
codegen\validate\models.py,36,C,string,検証問題,
codegen\validate\models.py,46,C,string,辞書に変換,
codegen\validate\models.py,59,C,string,辞書から復元,
codegen\validate\models.py,76,C,string,検証結果,
codegen\validate\models.py,129,C,string,検証コンテキスト,context
codegen\validate\prompt_generator.py,3,A,other,プロンプト生成クラス,
codegen\validate\prompt_generator.py,6,A,other,を削除（未使用・呼び出し元なし）,
codegen\validate\prompt_generator.py,23,A,string,プロンプト生成クラス,
codegen\validate\prompt_generator.py,34,A,string,状態,state
codegen\validate\prompt_generator.py,37,A,string,イベント,event
codegen\validate\prompt_generator.py,40,A,string,遷移,transition
codegen\validate\prompt_generator.py,45,A,string,条件,condition
codegen\validate\prompt_generator.py,47,A,string,アクション,action
codegen\validate\prompt_generator.py,50,A,string,遷移なし,transition
codegen\validate\prompt_generator.py,51,A,string,初期状態 未設定,state / settings
codegen\validate\prompt_generator.py,56,A,string,内部検証結果 問題なし,
codegen\validate\prompt_generator.py,57,A,string,内部検証で検出された問題,
codegen\validate\response_parser.py,3,C,other,回答パーサー,
codegen\validate\response_parser.py,20,C,string,回答パーサー,
codegen\validate\response_parser.py,125,C,string,初期状態,state
codegen\validate\validation_dialog.py,3,C,other,検証・ 連携ダイアログ,
codegen\validate\validation_dialog.py,4,C,other,対応,
codegen\validate\validation_dialog.py,35,C,string,検証・ 連携ダイアログ,
codegen\validate\validation_dialog.py,48,C,string,コード生成前検証・ 診断,
codegen\validate\validation_dialog.py,55,C,string,を構築,
codegen\validate\validation_dialog.py,58,C,comment,タブウィジェット,
codegen\validate\validation_dialog.py,62,C,comment,検証結果タブ,
codegen\validate\validation_dialog.py,65,C,string,検証結果,
codegen\validate\validation_dialog.py,67,C,comment,プロンプトタブ,
codegen\validate\validation_dialog.py,70,C,string,プロンプト,
codegen\validate\validation_dialog.py,72,C,comment,回答タブ,
codegen\validate\validation_dialog.py,75,C,string,回答取り込み,
codegen\validate\validation_dialog.py,77,C,comment,変更一覧タブ,
codegen\validate\validation_dialog.py,80,C,string,変更一覧・反映,
codegen\validate\validation_dialog.py,82,C,comment,閉じるボタン,
codegen\validate\validation_dialog.py,84,C,string,閉じる,
codegen\validate\validation_dialog.py,91,C,string,検証結果タブのセットアップ,
codegen\validate\validation_dialog.py,94,C,comment,サマリーラベル,
codegen\validate\validation_dialog.py,99,C,comment,問題リスト,
codegen\validate\validation_dialog.py,101,C,string,重大度 カテゴリ メッセージ 対象 修正提案,
codegen\validate\validation_dialog.py,109,C,comment,再検証ボタン,
codegen\validate\validation_dialog.py,110,C,string,再検証,
codegen\validate\validation_dialog.py,115,C,string,プロンプトタブのセットアップ,
codegen\validate\validation_dialog.py,118,C,comment,説明ラベル,description
codegen\validate\validation_dialog.py,120,C,string,以下の手順で 診断を行います：,
codegen\validate\validation_dialog.py,121,C,string,コピー ボタンでプロンプトをクリップボードにコピー,
codegen\validate\validation_dialog.py,122,C,string,等に貼り付けて質問,
codegen\validate\validation_dialog.py,123,C,string,の回答をコピー,
codegen\validate\validation_dialog.py,124,C,string,回答取り込み タブで回答を貼り付け,
codegen\validate\validation_dialog.py,129,C,comment,コピーボタン,
codegen\validate\validation_dialog.py,130,C,string,プロンプトをコピー,
codegen\validate\validation_dialog.py,134,C,comment,プロンプトプレビュー,
codegen\validate\validation_dialog.py,140,C,string,回答タブのセットアップ,
codegen\validate\validation_dialog.py,143,C,comment,貼り付けボタン,
codegen\validate\validation_dialog.py,144,C,string,クリップボードから貼り付け,
codegen\validate\validation_dialog.py,148,C,comment,回答入力,
codegen\validate\validation_dialog.py,150,C,string,の回答をここに貼り付けてください,
codegen\validate\validation_dialog.py,153,C,comment,解析ボタン,
codegen\validate\validation_dialog.py,154,C,string,回答を解析して変更一覧を生成,
codegen\validate\validation_dialog.py,159,C,string,変更一覧タブのセットアップ,
codegen\validate\validation_dialog.py,162,C,comment,変更一覧,
codegen\validate\validation_dialog.py,164,C,string,選択 アクション パラメータ 理由,action
codegen\validate\validation_dialog.py,171,C,comment,反映ボタン,
codegen\validate\validation_dialog.py,172,C,string,選択した変更を反映,
codegen\validate\validation_dialog.py,177,C,string,検証を実行,execute
codegen\validate\validation_dialog.py,181,C,comment,サマリー更新,
codegen\validate\validation_dialog.py,182,C,string,エラー,error
codegen\validate\validation_dialog.py,183,C,string,警告,warning
codegen\validate\validation_dialog.py,184,C,string,情報,info
codegen\validate\validation_dialog.py,187,C,comment,問題リスト更新,
codegen\validate\validation_dialog.py,203,C,comment,重大度に応じた色付け,
codegen\validate\validation_dialog.py,208,C,comment,プロンプト生成,
codegen\validate\validation_dialog.py,217,C,string,プロンプトをクリップボードにコピー,
codegen\validate\validation_dialog.py,222,C,string,コピー完了,completed
codegen\validate\validation_dialog.py,223,C,string,プロンプトをクリップボードにコピーしました,
codegen\validate\validation_dialog.py,224,C,string,等に貼り付けて質問してください,
codegen\validate\validation_dialog.py,226,C,string,エラー クリップボードへのコピーに失敗しました,error / failure
codegen\validate\validation_dialog.py,229,C,string,クリップボードから 回答を貼り付け,
codegen\validate\validation_dialog.py,234,C,string,警告 クリップボードが空です,warning
codegen\validate\validation_dialog.py,237,C,string,回答を解析,
codegen\validate\validation_dialog.py,240,C,string,警告 回答が入力されていません,warning
codegen\validate\validation_dialog.py,245,C,comment,変更一覧を表示,
codegen\validate\validation_dialog.py,256,C,comment,タブを変更一覧に切り替え,
codegen\validate\validation_dialog.py,259,C,string,解析完了,completed
codegen\validate\validation_dialog.py,260,C,string,件の変更を抽出しました,
codegen\validate\validation_dialog.py,263,C,string,選択した変更を反映,
codegen\validate\validation_dialog.py,271,C,string,警告 反映する変更が選択されていません,warning
codegen\validate\validation_dialog.py,277,C,string,反映完了,completed
codegen\validate\validation_dialog.py,278,C,string,件の変更を反映しました,
codegen\validate\validation_dialog.py,279,C,string,失敗 件,failure
codegen\validate\validation_dialog.py,281,C,comment,再検証,
codegen\validate\validation_dialog.py,286,C,string,検証ダイアログを表示するヘルパー関数,function
codegen\validate\validator.py,3,C,other,検証メインクラス,
codegen\validate\validator.py,12,C,comment,ロガーは直接参照,
codegen\validate\validator.py,15,C,comment,モデル,
codegen\validate\validator.py,18,C,comment,バリデータ,
codegen\validate\validator.py,32,C,string,コード生成検証メインクラス,
codegen\validate\__init__.py,3,C,other,検証・ 連携パッケージ,
codegen\validate\data\action_definitions.py,3,C,other,アクション定義（データのみ）,definition / action
codegen\validate\data\action_definitions.py,5,C,other,変更,
codegen\validate\data\action_definitions.py,6,C,other,の 列挙を 種類に拡張（ と一致）,
codegen\validate\data\action_definitions.py,7,C,other,を追加（ との不一致解消）,
codegen\validate\data\action_definitions.py,12,C,string,初期状態を設定,state / settings
codegen\validate\data\action_definitions.py,14,C,string,状態名,state
codegen\validate\data\action_definitions.py,18,C,string,遷移を追加,transition
codegen\validate\data\action_definitions.py,20,C,string,遷移元,transition
codegen\validate\data\action_definitions.py,21,C,string,イベント名,event
codegen\validate\data\action_definitions.py,22,C,string,遷移先,transition
codegen\validate\data\action_definitions.py,23,C,string,条件,condition
codegen\validate\data\action_definitions.py,24,C,string,アクション名,action
codegen\validate\data\action_definitions.py,28,C,string,状態を追加,state
codegen\validate\data\action_definitions.py,30,C,string,状態名,state
codegen\validate\data\action_definitions.py,43,C,string,状態タイプ,state
codegen\validate\data\action_definitions.py,45,C,string,説明,description
codegen\validate\data\action_definitions.py,49,C,string,イベントを追加,event
codegen\validate\data\action_definitions.py,51,C,string,イベント名,event
codegen\validate\data\action_definitions.py,52,C,string,イベント種類,event
codegen\validate\data\action_definitions.py,53,C,string,説明,description
codegen\validate\data\action_definitions.py,57,C,string,遷移を削除,transition
codegen\validate\data\action_definitions.py,59,C,string,遷移元,transition
codegen\validate\data\action_definitions.py,60,C,string,イベント名,event
codegen\validate\data\action_definitions.py,61,C,string,遷移先,transition
codegen\validate\data\action_definitions.py,65,C,string,遷移を更新,transition
codegen\validate\data\action_definitions.py,67,C,string,遷移元,transition
codegen\validate\data\action_definitions.py,68,C,string,イベント名,event
codegen\validate\data\action_definitions.py,69,C,string,新しい遷移先,transition
codegen\validate\data\action_definitions.py,70,C,string,新しい条件,condition
codegen\validate\data\action_definitions.py,71,C,string,新しいアクション,action
codegen\validate\data\action_definitions.py,75,C,string,ロール関数を追加,role function / function
codegen\validate\data\action_definitions.py,77,C,string,関数名,function
codegen\validate\data\action_definitions.py,78,C,string,戻り値型,return value / type
codegen\validate\data\action_definitions.py,79,C,string,説明,description
codegen\validate\data\action_definitions.py,83,C,string,ロール関数を削除,role function / function
codegen\validate\data\action_definitions.py,85,C,string,関数名（純粋名 ）,function
codegen\validate\data\action_definitions.py,89,C,string,変数を追加,variable
codegen\validate\data\action_definitions.py,91,C,string,変数名,variable
codegen\validate\data\action_definitions.py,92,C,string,型,type
codegen\validate\data\action_definitions.py,93,C,string,グループ,
codegen\validate\data\action_definitions.py,94,C,string,説明,description
codegen\validate\data\action_definitions.py,98,C,string,フラグを追加,flag
codegen\validate\data\action_definitions.py,100,C,string,フラグ名,flag
codegen\validate\data\action_definitions.py,101,C,string,最小値,
codegen\validate\data\action_definitions.py,102,C,string,最大値,
codegen\validate\data\action_definitions.py,103,C,string,グループ,
codegen\validate\data\action_definitions.py,110,C,string,アクション定義をプロンプト用テキストに変換,definition / action
codegen\validate\data\action_definitions.py,111,C,string,使用可能なアクション,action
codegen\validate\data\action_definitions.py,116,C,string,必須 省略可,
codegen\validate\data\keywords.py,3,C,other,キーワード定義（データのみ）,definition
codegen\validate\data\keywords.py,7,C,string,承知しました 了解しました かしこまりました はい こんにちは,
codegen\validate\data\keywords.py,8,C,string,以下に 分析結果 検証しました 確認しました 以下は,
codegen\validate\data\keywords.py,9,C,string,です ます と考え と思い です,
codegen\validate\data\keywords.py,10,C,string,なお ちなみに 参考までに 補足,
codegen\validate\data\keywords.py,11,C,string,以上です 以上が ご確認ください よろしくお願い,
codegen\validate\data\keywords.py,30,C,string,エラー 重大,error
codegen\validate\data\keywords.py,31,C,string,警告,warning
codegen\validate\data\keywords.py,32,C,string,情報,info
codegen\validate\data\keywords.py,35,C,string,状態,state
codegen\validate\data\keywords.py,36,C,string,イベント,event
codegen\validate\data\keywords.py,37,C,string,遷移,transition
codegen\validate\data\keywords.py,38,C,string,ロール関数 関数,role function / function
codegen\validate\data\keywords.py,39,C,string,変数,variable
codegen\validate\data\keywords.py,40,C,string,フラグ,flag
codegen\validate\data\keywords.py,41,C,string,キュー,queue
codegen\validate\data\keywords.py,42,C,string,割り込み,interrupt
codegen\validate\data\keywords.py,43,C,string,タイマ,timer
codegen\validate\data\keywords.py,44,C,string,型 構造体,type
codegen\validate\data\keywords.py,46,C,string,修正方法 修正案 提案 対応 解決策,
codegen\validate\data\keywords.py,47,C,string,対象 状態 関数 変数 イベント,state / event / variable / function
codegen\validate\data\prompt_templates.py,3,C,other,プロンプトテンプレート定義（データのみ）,definition
codegen\validate\data\prompt_templates.py,6,C,other,未使用の キーを削除,
codegen\validate\data\prompt_templates.py,7,C,other,（ と共に削除）,
codegen\validate\data\prompt_templates.py,12,C,other,あなたは組み込みソフトウェアの状態遷移設計の専門家です,state / transition
codegen\validate\data\prompt_templates.py,14,C,other,タスク,
codegen\validate\data\prompt_templates.py,15,C,other,状態遷移設計データを検証し 必要な変更を 形式で出力してください,state / transition
codegen\validate\data\prompt_templates.py,17,C,other,出力形式,
codegen\validate\data\prompt_templates.py,18,C,other,純粋な のみを出力してください,
codegen\validate\data\prompt_templates.py,19,C,other,挨拶 説明 補足 マーカー コードブロック記号は一切不要です,description / marker
codegen\validate\data\prompt_templates.py,21,C,other,出力例,
codegen\validate\data\prompt_templates.py,24,C,other,実際のデータ,
codegen\validate\data\prompt_templates.py,27,C,other,指示,
codegen\validate\data\prompt_templates.py,28,C,other,出力例と同じ 形式で 実際のデータに対する変更を提案してください,
codegen\validate\data\prompt_templates.py,29,C,other,以外は出力しないでください,
codegen\validate\data\prompt_templates.py,43,C,string,初期状態が未設定のため,state / settings
codegen\validate\data\prompt_templates.py,53,C,string,エラー状態からの回復遷移がないため,state / transition / error
codegen\validate\data\prompt_templates.py,58,C,other,検証観点,
codegen\validate\data\prompt_templates.py,59,C,docstring,初期状態が設定されているか,state / settings
codegen\validate\data\prompt_templates.py,60,C,other,すべての状態に遷移が定義されているか,state / transition / definition
codegen\validate\data\prompt_templates.py,61,C,other,エラー状態からの回復遷移があるか,state / transition / error
codegen\validate\data\prompt_templates.py,62,C,other,各状態で処理すべきイベントが網羅されているか,state / event
codegen\validate\data\prompt_templates.py,63,C,other,到達不能な状態がないか,state
codegen\validate\data\prompt_templates.py,64,C,other,デッドロックの可能性がないか,
codegen\validate\data\validation_rules.py,3,C,other,検証ルール定義（データのみ）,definition
codegen\validate\data\validation_rules.py,10,C,string,初期状態が設定されていません,state / settings
codegen\validate\data\validation_rules.py,11,C,string,で初期状態を設定してください,state / settings
codegen\validate\data\validation_rules.py,15,C,string,状態 は到達不能です,state
codegen\validate\data\validation_rules.py,16,C,string,遷移を追加するか 状態を削除してください,state / transition
codegen\validate\data\validation_rules.py,20,C,string,状態 からの遷移がありません,state / transition
codegen\validate\data\validation_rules.py,21,C,string,遷移を追加するか 終端状態として明示してください,state / transition
codegen\validate\data\validation_rules.py,25,C,string,状態名 と は大文字小文字の違いのみです,state
codegen\validate\data\validation_rules.py,26,C,string,命名規則を統一してください,
codegen\validate\data\validation_rules.py,32,C,string,イベント はどの遷移にも使用されていません,event / transition
codegen\validate\data\validation_rules.py,33,C,string,遷移を追加するか イベントを削除してください,event / transition
codegen\validate\data\validation_rules.py,37,C,string,イベント に対する遷移が定義されていません,event / transition / definition
codegen\validate\data\validation_rules.py,38,C,string,遷移を追加してください,transition
codegen\validate\data\validation_rules.py,44,C,string,遷移先 が定義されていません,transition / definition
codegen\validate\data\validation_rules.py,45,C,string,遷移先の状態を定義してください,state / transition / definition
codegen\validate\data\validation_rules.py,49,C,string,イベント が定義されていません,event / definition
codegen\validate\data\validation_rules.py,50,C,string,イベントを定義してください,event / definition
codegen\validate\data\validation_rules.py,54,C,string,遷移元 が定義されていません,transition / definition
codegen\validate\data\validation_rules.py,55,C,string,遷移元の状態を定義してください,state / transition / definition
codegen\validate\data\validation_rules.py,59,C,string,遷移 が重複しています,transition
codegen\validate\data\validation_rules.py,60,C,string,重複した遷移を削除してください,transition
codegen\validate\data\validation_rules.py,64,C,string,自己遷移,transition
codegen\validate\data\validation_rules.py,65,C,string,自己遷移が意図的か確認してください,transition
codegen\validate\data\validation_rules.py,71,C,string,ロール関数 の戻り値型が未定義です,role function / definition / return value / function / type
codegen\validate\data\validation_rules.py,72,C,string,戻り値型を設定してください,settings / return value / type
codegen\validate\data\validation_rules.py,76,C,string,ロール関数 の引数定義が不完全です,role function / definition / argument / function
codegen\validate\data\validation_rules.py,77,C,string,引数名と引数型を正しく設定してください,settings / argument / type
codegen\validate\data\validation_rules.py,81,C,string,ロール関数 は使用されていません,role function / function
codegen\validate\data\validation_rules.py,82,C,string,使用するか削除してください,
codegen\validate\data\validation_rules.py,88,C,string,変数名 が重複しています,variable
codegen\validate\data\validation_rules.py,89,C,string,変数名を変更してください,variable
codegen\validate\data\validation_rules.py,93,C,string,変数 の型 が無効です,variable / type
codegen\validate\data\validation_rules.py,94,C,string,正しい型を指定してください,type
codegen\validate\data\validation_rules.py,98,C,string,変数 の配列サイズが不正です,variable
codegen\validate\data\validation_rules.py,99,C,string,配列サイズを より大きい値にしてください,
codegen\validate\data\validation_rules.py,105,C,string,フラグ名 が重複しています,flag
codegen\validate\data\validation_rules.py,106,C,string,フラグ名を変更してください,flag
codegen\validate\data\validation_rules.py,110,C,string,フラグ の範囲が不正です,flag
codegen\validate\data\validation_rules.py,111,C,string,にしてください,
codegen\validate\data\validation_rules.py,117,C,string,キュー のサイズが不正です,queue
codegen\validate\data\validation_rules.py,118,C,string,サイズを より大きい値にしてください,
codegen\validate\data\validation_rules.py,122,C,string,キュー に未定義のイベントが含まれています,event / definition / queue
codegen\validate\data\validation_rules.py,123,C,string,イベント定義を確認してください,event / definition
codegen\validate\data\validation_rules.py,129,C,string,割り込み名 が重複しています,interrupt
codegen\validate\data\validation_rules.py,130,C,string,割り込み名を変更してください,interrupt
codegen\validate\data\validation_rules.py,134,C,string,割り込み に未定義のイベントが含まれています,event / definition / interrupt
codegen\validate\data\validation_rules.py,135,C,string,イベント定義を確認してください,event / definition
codegen\validate\data\validation_rules.py,141,C,string,タイマ変数 が既存の変数と重複しています,variable / timer
codegen\validate\data\validation_rules.py,142,C,string,変数名を変更してください,variable
codegen\validate\data\validation_rules.py,146,C,string,タイマ の乗数が不正です,timer
codegen\validate\data\validation_rules.py,147,C,string,乗数を より大きい値にしてください,
codegen\validate\data\validation_rules.py,153,C,string,型名 が重複しています,type
codegen\validate\data\validation_rules.py,154,C,string,型名を変更してください,type
codegen\validate\data\validation_rules.py,158,C,string,型 にメンバーが定義されていません,definition / type
codegen\validate\data\validation_rules.py,159,C,string,メンバーを追加してください,
codegen\validate\data\__init__.py,3,C,other,検証データパッケージ,
codegen\validate\items\base_validator.py,3,C,other,バリデータ基底クラス,
codegen\validate\items\base_validator.py,16,C,string,バリデータ基底クラス,
codegen\validate\items\custom_type_validator.py,3,C,other,カスタム型検証,type
codegen\validate\items\custom_type_validator.py,19,C,string,カスタム型検証クラス,type
codegen\validate\items\event_validator.py,3,C,other,イベント検証,event
codegen\validate\items\event_validator.py,6,C,other,と 出力を統一,
codegen\validate\items\event_validator.py,7,C,other,の開始・完了ログを追加,completed
codegen\validate\items\event_validator.py,8,C,other,ルール実行を で囲み 失敗時は で記録,failure / execute
codegen\validate\items\event_validator.py,24,C,string,イベント検証クラス,event
codegen\validate\items\flag_validator.py,3,C,other,フラグ検証,flag
codegen\validate\items\flag_validator.py,19,C,string,フラグ検証クラス,flag
codegen\validate\items\interrupt_validator.py,3,C,other,割り込み検証,interrupt
codegen\validate\items\interrupt_validator.py,19,C,string,割り込み検証クラス,interrupt
codegen\validate\items\queue_validator.py,3,C,other,キュー検証,queue
codegen\validate\items\queue_validator.py,19,C,string,キュー検証クラス,queue
codegen\validate\items\role_function_validator.py,3,C,other,ロール関数検証,role function / function
codegen\validate\items\role_function_validator.py,19,C,string,ロール関数検証クラス,role function / function
codegen\validate\items\state_validator.py,3,C,other,状態検証,state
codegen\validate\items\state_validator.py,19,C,string,状態検証クラス,state
codegen\validate\items\timer_validator.py,3,C,other,タイマ検証,timer
codegen\validate\items\timer_validator.py,19,C,string,タイマ検証クラス,timer
codegen\validate\items\transition_validator.py,3,C,other,遷移検証,transition
codegen\validate\items\transition_validator.py,6,C,other,と 出力を統一,
codegen\validate\items\transition_validator.py,7,C,other,の開始・完了ログを追加,completed
codegen\validate\items\transition_validator.py,8,C,other,ルール実行を で囲み 失敗時は で記録,failure / execute
codegen\validate\items\transition_validator.py,24,C,string,遷移検証クラス,transition
codegen\validate\items\variable_validator.py,3,C,other,変数検証,variable
codegen\validate\items\variable_validator.py,19,C,string,変数検証クラス,variable
codegen\validate\items\__init__.py,3,C,other,項目別バリデータパッケージ,
tools\check_all_specs.py,3,H,other,配下の全 で 一貫性チェックを実行,execute
tools\check_all_specs.py,5,H,other,使い方,
tools\check_all_specs.py,17,H,string,対象 件,
tools\check_all_specs.py,36,H,comment,標準エラー（ ログ）を表示,error
tools\check_all_specs.py,41,H,comment,レポートから 結果を抽出,
tools\check_all_specs.py,54,H,string,レポート未生成,
tools\check_all_specs.py,56,H,string,サマリ,
tools\consistency_check.py,3,H,other,一貫性チェックツール 完全版,
tools\consistency_check.py,5,H,other,検査内容,
tools\consistency_check.py,7,H,other,方式（ 本実装）,
tools\consistency_check.py,8,H,other,方式（汎用フォールバック）,
tools\consistency_check.py,9,H,other,データクラスフィールド突き合わせ モデル定義 各層の出現箇所,definition / layer
tools\consistency_check.py,10,H,other,フィールドは 予約 として明示（ 扱いしない）,
tools\consistency_check.py,11,H,other,使用箇所 の メンバーが他ファイルで使われているか,
tools\consistency_check.py,12,H,other,メンバーは 予約 として明示,
tools\consistency_check.py,13,H,other,生成 コード整合性,
tools\consistency_check.py,14,H,other,の有無,
tools\consistency_check.py,15,H,other,が を しているか,
tools\consistency_check.py,16,H,other,全層横断でプロトタイプの定義が存在するか,definition / layer
tools\consistency_check.py,17,H,other,所有層（ ）の に定義があるか,definition / layer
tools\consistency_check.py,19,H,other,使い方,
tools\consistency_check.py,20,H,comment,全検査（デフォルト引数で動作）,argument
tools\consistency_check.py,23,H,comment,のみ,
tools\consistency_check.py,26,H,comment,生成 コード検査をスキップ,
tools\consistency_check.py,29,H,other,終了コード,
tools\consistency_check.py,30,H,other,全 （ 含む）,
tools\consistency_check.py,31,H,other,つ以上,
tools\consistency_check.py,33,H,other,変更履歴,
tools\consistency_check.py,34,H,other,対応 フィールド導入,
tools\consistency_check.py,35,H,other,生成 検査を全層横断方式に修正（ 案 対応）,layer
tools\consistency_check.py,51,H,comment,予約フィールド 予約 メンバー定義（ 由来）,definition
tools\consistency_check.py,54,H,comment,クラス名 フィールド名,
tools\consistency_check.py,56,H,other,未実装,
tools\consistency_check.py,57,H,other,旧互換用,
tools\consistency_check.py,60,H,comment,名 メンバー名,
tools\consistency_check.py,62,H,comment,拡張状態（将来実装予定）,state
tools\consistency_check.py,67,H,comment,以外のイベント種別（将来実装予定）,event
tools\consistency_check.py,75,H,comment,ユーティリティ,
tools\consistency_check.py,96,H,string,を正規化して比較しやすくする 優先 失敗時は,failure
tools\consistency_check.py,129,H,string,方式の,
tools\consistency_check.py,139,H,string,の戻り値が想定外,return value
tools\consistency_check.py,167,H,string,正規化後 完全一致,
tools\consistency_check.py,169,H,string,差分,
tools\consistency_check.py,171,H,string,差分あり,
tools\consistency_check.py,182,H,string,汎用 方式（単一 ）,
tools\consistency_check.py,199,H,string,正規化後 完全一致,
tools\consistency_check.py,201,H,string,差分,
tools\consistency_check.py,203,H,string,差分あり,
tools\consistency_check.py,213,H,string,検査本体 を自動判定して呼び分ける,
tools\consistency_check.py,233,H,comment,判定 を優先,
tools\consistency_check.py,243,H,comment,フォールバック 汎用,
tools\consistency_check.py,255,H,string,対応する が見つかりません,
tools\consistency_check.py,256,H,string,または が必要,
tools\consistency_check.py,262,H,comment,フィールド突き合わせ,
tools\consistency_check.py,279,H,string,各フィールドがどのファイルに出現するかをカウント,
tools\consistency_check.py,305,H,comment,使用箇所,
tools\consistency_check.py,347,H,comment,生成 コード整合性,
tools\consistency_check.py,352,H,other,生成 コードの整合性チェック,
tools\consistency_check.py,354,H,other,案 の設計を前提,
tools\consistency_check.py,355,H,other,各層 は,layer
tools\consistency_check.py,356,H,other,その層から呼べる全関数 のプロトタイプを持つ（自層 他層）,function / layer
tools\consistency_check.py,357,H,other,各層 は,layer
tools\consistency_check.py,358,H,other,その層が所有する関数 の定義のみを持つ,definition / function / layer
tools\consistency_check.py,359,H,other,よって と は完全一致しない（他層参照分があるため）,layer
tools\consistency_check.py,361,H,other,検査方法,
tools\consistency_check.py,362,H,other,の有無,
tools\consistency_check.py,363,H,other,が を しているか,
tools\consistency_check.py,364,H,other,全層横断で プロトタイプはあるが定義がない関数 を検出,definition / function / layer
tools\consistency_check.py,365,H,other,所有層（ ）の に定義があるかを確認,definition / layer
tools\consistency_check.py,379,H,string,なし,
tools\consistency_check.py,381,H,comment,は を しているか,
tools\consistency_check.py,387,H,string,未,
tools\consistency_check.py,389,H,comment,の宣言と定義の対応（全層横断）,definition / layer
tools\consistency_check.py,409,H,comment,全層横断で定義が見つからないプロトタイプ,definition / layer
tools\consistency_check.py,413,H,string,全層横断で定義が見つからないプロトタイプ,definition / layer
tools\consistency_check.py,417,H,comment,所有層（プレフィックス）の に定義があるか,definition / layer
tools\consistency_check.py,431,H,string,は他層でプロトタイプされるが,layer
tools\consistency_check.py,432,H,string,所有層 の に定義なし,definition / layer
tools\consistency_check.py,436,H,string,検出 件,
tools\consistency_check.py,441,H,comment,メイン,
tools\consistency_check.py,463,H,string,レポートを標準出力に出さない,
tools\consistency_check.py,467,H,string,一貫性チェックレポート,
tools\consistency_check.py,494,H,string,フィールド出現マトリクス,
tools\consistency_check.py,497,H,string,参照あり 予約フィールド 要確認,
tools\consistency_check.py,516,H,string,フィールドマトリクス,
tools\consistency_check.py,527,H,string,使用箇所,
tools\consistency_check.py,530,H,string,参照あり 予約メンバー 要確認,
tools\consistency_check.py,548,H,string,使用箇所,
tools\consistency_check.py,556,H,string,生成 コード整合性,
tools\consistency_check.py,565,H,comment,出力,
tools\consistency_check.py,572,H,string,レポート出力,
tools\consistency_check.py,573,H,string,結果,
tools\consistency_checks.py,2,H,string,一貫性チェック コアロジック（ 非依存）,
tools\consistency_checks.py,63,H,string,一貫性チェック本体 各 メソッドが を返す,
tools\consistency_checks.py,118,H,string,正規化後 完全一致,
tools\consistency_checks.py,121,H,string,差分あり,
tools\consistency_checks.py,131,H,comment,フィールドマトリクス,
tools\consistency_checks.py,157,H,string,対象クラス未検出,
tools\consistency_checks.py,182,H,string,クラス フィールド 未参照,
tools\consistency_checks.py,185,H,comment,使用箇所,
tools\consistency_checks.py,216,H,string,未検出,
tools\consistency_checks.py,242,H,string,メンバー 未参照,
tools\consistency_checks.py,245,H,comment,生成 コード整合性,
tools\consistency_checks.py,258,H,string,なし,
tools\consistency_checks.py,265,H,string,未,
tools\consistency_checks.py,280,H,string,定義なしプロトタイプ,definition
tools\consistency_checks.py,283,H,string,検出 件,
tools\consistency_checks.py,287,H,comment,全実行,execute
tools\purge_unused_files.py,3,H,other,未使用ファイル削除ツール（ 前提・物理削除版）,
tools\purge_unused_files.py,5,H,other,前提 プロジェクトが 管理下にあり が であること,
tools\purge_unused_files.py,7,H,other,使い方,
tools\purge_unused_files.py,8,H,other,ドキュメント,
tools\purge_unused_files.py,10,H,comment,調査のみ,
tools\purge_unused_files.py,13,H,comment,物理削除（ は使わず ファイル削除のみ）,
tools\purge_unused_files.py,16,H,comment,削除後に で復元する場合,
tools\purge_unused_files.py,17,H,comment,削除前にコミット済みなら,
tools\purge_unused_files.py,18,H,other,個別,
tools\purge_unused_files.py,19,H,other,全部,
tools\purge_unused_files.py,21,H,other,設計,
tools\purge_unused_files.py,22,H,other,入口,
tools\purge_unused_files.py,23,H,other,追跡 で 解析 再帰探索,
tools\purge_unused_files.py,24,H,other,削除 で物理削除,
tools\purge_unused_files.py,25,H,other,削除前に 状態をチェック,state
tools\purge_unused_files.py,38,H,comment,設定,settings
tools\purge_unused_files.py,41,H,other,リポジトリルート（要調整）,
tools\purge_unused_files.py,61,H,comment,動的 で使われるモジュール（誤削除防止）,
tools\purge_unused_files.py,95,H,comment,状態チェック,state
tools\purge_unused_files.py,98,H,string,リポジトリの状態をチェック,state
tools\purge_unused_files.py,99,H,string,状態チェック,state
tools\purge_unused_files.py,101,H,comment,リポジトリかどうか,
tools\purge_unused_files.py,109,H,string,リポジトリではありません,
tools\purge_unused_files.py,110,H,string,場所,
tools\purge_unused_files.py,113,H,string,コマンドが見つかりません,
tools\purge_unused_files.py,116,H,string,実行エラー,error / execute
tools\purge_unused_files.py,119,H,comment,が か,
tools\purge_unused_files.py,127,H,string,失敗,failure
tools\purge_unused_files.py,132,H,string,は です,
tools\purge_unused_files.py,136,H,string,未コミットの変更が 件あります,
tools\purge_unused_files.py,140,H,string,他 件,
tools\purge_unused_files.py,141,H,string,削除前にコミットすることを強く推奨します,
tools\purge_unused_files.py,145,H,string,実行エラー,error / execute
tools\purge_unused_files.py,150,H,string,で追跡されているファイルの相対パス集合,
tools\purge_unused_files.py,165,H,comment,解析（前回と同じ）,
tools\purge_unused_files.py,271,H,comment,レポート,
tools\purge_unused_files.py,279,H,string,未使用ファイル検出レポート,
tools\purge_unused_files.py,281,H,string,サマリ,
tools\purge_unused_files.py,282,H,string,全 ファイル,
tools\purge_unused_files.py,283,H,string,到達可能（本体）,
tools\purge_unused_files.py,284,H,string,未到達（削除候補）,
tools\purge_unused_files.py,287,H,string,カテゴリ別内訳,
tools\purge_unused_files.py,290,H,string,件,
tools\purge_unused_files.py,296,H,string,カテゴリ 件,
tools\purge_unused_files.py,306,H,comment,物理削除,
tools\purge_unused_files.py,309,H,string,未使用ファイルを物理削除,
tools\purge_unused_files.py,311,H,string,削除対象がありません,
tools\purge_unused_files.py,315,H,string,件のファイルを物理削除します,
tools\purge_unused_files.py,330,H,comment,空ディレクトリ掃除,
tools\purge_unused_files.py,333,H,string,削除 件 失敗 件,failure
tools\purge_unused_files.py,334,H,string,復元方法（削除前にコミット済みの場合）,
tools\purge_unused_files.py,335,H,string,個別,
tools\purge_unused_files.py,336,H,string,全部,
tools\purge_unused_files.py,350,H,string,削除 空ディレクトリ,
tools\purge_unused_files.py,359,H,string,未使用ファイル物理削除ツール,
tools\purge_unused_files.py,360,H,string,調査のみ,
tools\purge_unused_files.py,361,H,string,物理削除実行,execute
tools\purge_unused_files.py,362,H,string,のみ,
tools\purge_unused_files.py,364,H,string,も対象に含める（既定 ）,
tools\purge_unused_files.py,366,H,string,状態チェックをスキップ（非推奨）,state
tools\purge_unused_files.py,374,H,string,未使用ファイル物理削除ツール,
tools\purge_unused_files.py,378,H,comment,状態チェック（ のときだけ）,state
tools\purge_unused_files.py,381,H,string,削除を中止しました,
tools\purge_unused_files.py,382,H,string,強制実行するには を付けてください（非推奨）,execute / forced
tools\purge_unused_files.py,385,H,comment,追跡,
tools\purge_unused_files.py,386,H,string,到達可能ファイルを追跡中,
tools\purge_unused_files.py,388,H,string,到達可能 ファイル,
tools\purge_unused_files.py,390,H,comment,収集,
tools\purge_unused_files.py,391,H,string,全 ファイルを収集中,
tools\purge_unused_files.py,397,H,string,収集 ファイル,
tools\purge_unused_files.py,399,H,comment,未使用特定,
tools\purge_unused_files.py,400,H,string,未到達ファイルを特定中,
tools\purge_unused_files.py,405,H,comment,削除,
tools\purge_unused_files.py,408,H,string,削除対象がありません,
tools\purge_unused_files.py,411,H,comment,追跡状況を表示,
tools\purge_unused_files.py,422,H,string,追跡状況,
tools\purge_unused_files.py,423,H,string,追跡済み（復元可能） 件,
tools\purge_unused_files.py,424,H,string,未追跡（復元不可） 件,
tools\purge_unused_files.py,427,H,string,未追跡ファイル 件は で復元できません,
tools\purge_unused_files.py,428,H,string,事前に を実行してください,execute
tools\purge_unused_files.py,430,H,string,削除後に を起動して動作確認してください,start
tools\purge_unused_files.py,431,H,string,削除を実行しますか？,execute
tools\purge_unused_files.py,433,H,string,キャンセルしました,
tools\remove_libcntrl_tryexcept.py,3,H,other,移行支援ツール 一括削除,
tools\remove_libcntrl_tryexcept.py,5,H,other,用途,
tools\remove_libcntrl_tryexcept.py,8,H,other,パターンを検出し を削除して,
tools\remove_libcntrl_tryexcept.py,9,H,other,に統一,
tools\remove_libcntrl_tryexcept.py,10,H,other,なしの も,
tools\remove_libcntrl_tryexcept.py,11,H,other,に置換,
tools\remove_libcntrl_tryexcept.py,13,H,other,修正,
tools\remove_libcntrl_tryexcept.py,14,H,other,削除 本体を （正しい）,
tools\remove_libcntrl_tryexcept.py,15,H,other,維持（ しない）,
tools\remove_libcntrl_tryexcept.py,16,H,other,直下の最初のコード行が の場合のみ処理,
tools\remove_libcntrl_tryexcept.py,17,H,other,（外側の を誤検出しない）,
tools\remove_libcntrl_tryexcept.py,19,H,other,使い方,
tools\remove_libcntrl_tryexcept.py,57,H,comment,ヘルパー,
tools\remove_libcntrl_tryexcept.py,81,H,string,コメント・空行を除いた最初のコード行を返す,
tools\remove_libcntrl_tryexcept.py,93,H,comment,ブロック検出,
tools\remove_libcntrl_tryexcept.py,140,H,comment,変換ロジック,
tools\remove_libcntrl_tryexcept.py,186,H,comment,直下の最初のコード行が か,
tools\remove_libcntrl_tryexcept.py,201,H,comment,を削除し 本体を して残す,
tools\remove_libcntrl_tryexcept.py,222,H,comment,構造は維持 本体の のみ置換,
tools\remove_libcntrl_tryexcept.py,223,H,comment,はしない！,
tools\remove_libcntrl_tryexcept.py,241,H,comment,でない 外側の 何もせず素通り,
tools\remove_libcntrl_tryexcept.py,242,H,comment,（次の行から入れ子の を個別に処理）,
tools\remove_libcntrl_tryexcept.py,244,H,comment,単独の を置換,
tools\remove_libcntrl_tryexcept.py,268,H,comment,ファイル走査,
tools\remove_libcntrl_tryexcept.py,325,H,comment,レポート出力,
tools\remove_libcntrl_tryexcept.py,333,H,string,削除レポート,
tools\remove_libcntrl_tryexcept.py,335,H,string,スキャン対象ファイル数,
tools\remove_libcntrl_tryexcept.py,336,H,string,修正対象ファイル数,
tools\remove_libcntrl_tryexcept.py,338,H,string,エラー,error
tools\remove_libcntrl_tryexcept.py,343,H,string,要修正,
tools\remove_libcntrl_tryexcept.py,360,H,string,エラー,error
tools\remove_libcntrl_tryexcept.py,368,H,string,ファイルに修正候補があります,
tools\remove_libcntrl_tryexcept.py,369,H,string,オプションで適用できます（ バックアップ付き）,
tools\remove_libcntrl_tryexcept.py,371,H,string,修正対象はありません,
tools\remove_libcntrl_tryexcept.py,380,H,string,一括削除ツール 用,
tools\remove_libcntrl_tryexcept.py,382,H,string,スキャンするルートディレクトリ,
tools\remove_libcntrl_tryexcept.py,383,H,string,実際にファイルを修正,
tools\remove_libcntrl_tryexcept.py,384,H,string,パターン,
tools\remove_libcntrl_tryexcept.py,385,H,string,レポート出力先,
tools\remove_libcntrl_tryexcept.py,386,H,string,差分表示を省略,
tools\remove_libcntrl_tryexcept.py,394,H,string,が存在しません,
tools\remove_libcntrl_tryexcept.py,401,H,string,モード（ バックアップ付き）,
tools\remove_libcntrl_tryexcept.py,407,H,string,適用ファイル数,
tools\remove_libcntrl_tryexcept.py,409,H,string,完了,completed
tools\remove_libcntrl_tryexcept.py,433,H,string,レポート,
tools\scan_japanese.py,3,H,other,日本語テキスト調査ツール,
tools\scan_japanese.py,5,H,other,目的,
tools\scan_japanese.py,6,H,other,リリース用に日本語 英語へ変換するため,
tools\scan_japanese.py,7,H,other,どのファイルにどの日本語が含まれているかを調査する,
tools\scan_japanese.py,9,H,other,スキャン対象,
tools\scan_japanese.py,10,H,other,データモデル層,layer
tools\scan_japanese.py,11,H,other,層,layer
tools\scan_japanese.py,12,H,other,コード生成層,layer
tools\scan_japanese.py,13,H,other,開発支援ツール,
tools\scan_japanese.py,14,H,other,テスト,
tools\scan_japanese.py,16,H,other,カテゴリ分類,
tools\scan_japanese.py,17,H,other,生成 コードコメント（最優先）,
tools\scan_japanese.py,18,H,other,表示文言（最優先）,
tools\scan_japanese.py,19,H,other,ログメッセージ,
tools\scan_japanese.py,20,H,other,エラー・警告メッセージ,error / warning
tools\scan_japanese.py,21,H,other,コメント,
tools\scan_japanese.py,22,H,other,サンプルデータ,
tools\scan_japanese.py,23,H,other,テスト期待値,
tools\scan_japanese.py,24,H,other,その他,
tools\scan_japanese.py,26,H,other,使い方,
tools\scan_japanese.py,27,H,comment,全スキャン,
tools\scan_japanese.py,30,H,comment,特定カテゴリのみ,
tools\scan_japanese.py,33,H,comment,特定ディレクトリのみ,
tools\scan_japanese.py,36,H,comment,除外パターン,
tools\scan_japanese.py,49,H,comment,定数,
tools\scan_japanese.py,62,H,comment,日本語文字の 範囲,
tools\scan_japanese.py,64,H,other,ひらがな,
tools\scan_japanese.py,65,H,other,カタカナ,
tools\scan_japanese.py,66,H,other,漢字（ 統合漢字）,
tools\scan_japanese.py,67,H,other,全角記号,
tools\scan_japanese.py,71,H,comment,コメント・文字列のパターン,
tools\scan_japanese.py,79,H,comment,カテゴリ別のヒューリスティック,
tools\scan_japanese.py,81,H,comment,生成 コードコメント（最優先）,
tools\scan_japanese.py,87,H,comment,表示文言（最優先）,
tools\scan_japanese.py,92,H,comment,サンプルデータ,
tools\scan_japanese.py,97,H,comment,テスト期待値,
tools\scan_japanese.py,101,H,comment,自体,
tools\scan_japanese.py,109,H,comment,データクラス,
tools\scan_japanese.py,114,H,string,行の日本語検出結果,
tools\scan_japanese.py,119,H,other,日本語部分を含む行,
tools\scan_japanese.py,120,H,other,検出された日本語文字列,
tools\scan_japanese.py,121,H,string,英語化のヒント（例 状態 ）,state
tools\scan_japanese.py,129,H,string,スキャン結果,
tools\scan_japanese.py,137,H,comment,カテゴリ判定,
tools\scan_japanese.py,141,H,string,相対パスからカテゴリを判定,
tools\scan_japanese.py,142,H,comment,正規化（ パス ）,
tools\scan_japanese.py,148,H,comment,さらに細分化,
tools\scan_japanese.py,151,H,other,生成コード,
tools\scan_japanese.py,152,H,other,配下のログ等,
tools\scan_japanese.py,160,H,string,行の文脈を判定,
tools\scan_japanese.py,163,H,comment,行コメント,
tools\scan_japanese.py,169,H,comment,ブロックコメント内,
tools\scan_japanese.py,173,H,comment,内（簡易判定）,
tools\scan_japanese.py,174,H,comment,前の行に があるか 次の行に がある,
tools\scan_japanese.py,180,H,comment,文字列リテラル,
tools\scan_japanese.py,182,H,comment,日本語が文字列内にあるか,
tools\scan_japanese.py,190,H,comment,英語化ヒント辞書（よく使う用語）,
tools\scan_japanese.py,194,H,string,状態,state
tools\scan_japanese.py,195,H,string,イベント,event
tools\scan_japanese.py,196,H,string,遷移,transition
tools\scan_japanese.py,197,H,string,ロール関数,role function / function
tools\scan_japanese.py,198,H,string,初期化,initialization
tools\scan_japanese.py,199,H,string,起動,start
tools\scan_japanese.py,200,H,string,停止,stop
tools\scan_japanese.py,201,H,string,待機,idle
tools\scan_japanese.py,202,H,string,動作中,running
tools\scan_japanese.py,203,H,string,エラー,error
tools\scan_japanese.py,204,H,string,成功,success
tools\scan_japanese.py,205,H,string,失敗,failure
tools\scan_japanese.py,206,H,string,完了,completed
tools\scan_japanese.py,207,H,string,実行,execute
tools\scan_japanese.py,208,H,string,設定,settings
tools\scan_japanese.py,209,H,string,定義,definition
tools\scan_japanese.py,210,H,string,変数,variable
tools\scan_japanese.py,211,H,string,フラグ,flag
tools\scan_japanese.py,212,H,string,割り込み,interrupt
tools\scan_japanese.py,213,H,string,タイマ,timer
tools\scan_japanese.py,214,H,string,キュー,queue
tools\scan_japanese.py,215,H,string,カウンタ,counter
tools\scan_japanese.py,216,H,string,接続,connection
tools\scan_japanese.py,217,H,string,切断,disconnection
tools\scan_japanese.py,218,H,string,再試行,retry
tools\scan_japanese.py,219,H,string,タイトル,title
tools\scan_japanese.py,220,H,string,説明,description
tools\scan_japanese.py,221,H,string,名称,name
tools\scan_japanese.py,222,H,string,名前空間,namespace
tools\scan_japanese.py,223,H,string,戻り値,return value
tools\scan_japanese.py,224,H,string,引数,argument
tools\scan_japanese.py,225,H,string,条件,condition
tools\scan_japanese.py,226,H,string,アクション,action
tools\scan_japanese.py,227,H,string,関数,function
tools\scan_japanese.py,228,H,string,型,type
tools\scan_japanese.py,229,H,string,層,layer
tools\scan_japanese.py,230,H,string,優先度,priority
tools\scan_japanese.py,231,H,string,レイヤ,layer
tools\scan_japanese.py,232,H,string,ドライバ,driver
tools\scan_japanese.py,233,H,string,ミドルウェア,middleware
tools\scan_japanese.py,234,H,string,アプリ,application
tools\scan_japanese.py,235,H,string,アプリケーション,application / application
tools\scan_japanese.py,236,H,string,システム,system
tools\scan_japanese.py,237,H,string,コンテキスト,context
tools\scan_japanese.py,238,H,string,ポインタ,pointer
tools\scan_japanese.py,239,H,string,ガード,guard
tools\scan_japanese.py,240,H,string,マーカー,marker
tools\scan_japanese.py,241,H,string,ユーザー,user
tools\scan_japanese.py,242,H,string,警告,warning
tools\scan_japanese.py,243,H,string,情報,info
tools\scan_japanese.py,244,H,string,デバッグ,debug
tools\scan_japanese.py,245,H,string,エラーコード,error / error code
tools\scan_japanese.py,246,H,string,リトライ,retry
tools\scan_japanese.py,247,H,string,カウンタ,counter
tools\scan_japanese.py,248,H,string,閾値,threshold
tools\scan_japanese.py,249,H,string,超過,exceed
tools\scan_japanese.py,250,H,string,無視,ignore
tools\scan_japanese.py,251,H,string,強制,forced
tools\scan_japanese.py,252,H,string,正常,normal
tools\scan_japanese.py,253,H,string,異常,abnormal
tools\scan_japanese.py,254,H,string,準備,ready
tools\scan_japanese.py,255,H,string,接続中,connection / connecting
tools\scan_japanese.py,256,H,string,接続済,connection / connected
tools\scan_japanese.py,257,H,string,一時停止,stop / pause
tools\scan_japanese.py,258,H,string,再開,resume
tools\scan_japanese.py,263,H,string,日本語文字列から英語のヒントを生成,
tools\scan_japanese.py,272,H,comment,スキャナ,
tools\scan_japanese.py,276,H,string,ファイルをスキャンして日本語行を返す,
tools\scan_japanese.py,317,H,string,プロジェクト全体をスキャン,
tools\scan_japanese.py,328,H,comment,除外パターンを適用,
tools\scan_japanese.py,351,H,comment,レポート生成,
tools\scan_japanese.py,355,H,string,生成 コードコメント（最優先）,
tools\scan_japanese.py,356,H,string,表示文言（最優先）,
tools\scan_japanese.py,357,H,string,コード生成層のログ等,layer
tools\scan_japanese.py,358,H,string,エラー・警告メッセージ,error / warning
tools\scan_japanese.py,359,H,string,コメント,
tools\scan_japanese.py,360,H,string,サンプルデータ,
tools\scan_japanese.py,361,H,string,テスト期待値,
tools\scan_japanese.py,362,H,string,その他,
tools\scan_japanese.py,367,H,string,レポートを生成,
tools\scan_japanese.py,369,H,string,日本語テキスト調査レポート,
tools\scan_japanese.py,371,H,string,サマリ,
tools\scan_japanese.py,373,H,string,スキャンファイル数,
tools\scan_japanese.py,374,H,string,日本語を含むファイル数,
tools\scan_japanese.py,375,H,string,日本語を含む行数,
tools\scan_japanese.py,378,H,comment,カテゴリ別集計,
tools\scan_japanese.py,383,H,string,カテゴリ別集計,
tools\scan_japanese.py,385,H,string,カテゴリ 説明 行数 ファイル数,description
tools\scan_japanese.py,394,H,comment,ファイル別集計,
tools\scan_japanese.py,395,H,string,ファイル別集計（行数の多い順）,
tools\scan_japanese.py,397,H,string,ファイル カテゴリ 行数,
tools\scan_japanese.py,403,H,other,上位 ファイル,
tools\scan_japanese.py,408,H,comment,カテゴリ別詳細,
tools\scan_japanese.py,411,H,string,カテゴリ,
tools\scan_japanese.py,414,H,comment,ファイル別にグループ化,
tools\scan_japanese.py,420,H,string,（ 行）,
tools\scan_japanese.py,422,H,string,行 種別 日本語 英語ヒント,
tools\scan_japanese.py,424,H,other,各ファイル上位 行,
tools\scan_japanese.py,430,H,string,（他 行）,
tools\scan_japanese.py,438,H,string,レポートを生成,
tools\scan_japanese.py,456,H,comment,メイン,
tools\scan_japanese.py,461,H,string,日本語テキスト調査ツール,
tools\scan_japanese.py,467,H,string,スキャン対象ディレクトリ,
tools\scan_japanese.py,471,H,string,抽出するカテゴリ（ ）,
tools\scan_japanese.py,475,H,string,除外パターン（正規表現）,
tools\scan_japanese.py,479,H,string,レポート出力先,
tools\scan_japanese.py,483,H,string,レポート出力先,
tools\scan_japanese.py,487,H,string,プロジェクトルート（既定 スクリプトの親ディレクトリ）,
tools\scan_japanese.py,493,H,string,日本語テキスト調査,
tools\scan_japanese.py,494,H,string,プロジェクトルート,
tools\scan_japanese.py,495,H,string,スキャン対象,
tools\scan_japanese.py,497,H,string,除外パターン,
tools\scan_japanese.py,502,H,comment,カテゴリフィルタ,
tools\scan_japanese.py,508,H,comment,サマリ表示,
tools\scan_japanese.py,509,H,string,スキャンファイル数,
tools\scan_japanese.py,510,H,string,日本語を含むファイル数,
tools\scan_japanese.py,511,H,string,日本語を含む行数,
tools\scan_japanese.py,514,H,comment,カテゴリ別,
tools\scan_japanese.py,519,H,string,カテゴリ別,
tools\scan_japanese.py,522,H,string,行,
tools\scan_japanese.py,525,H,comment,レポート出力,
tools\scan_japanese.py,531,H,string,レポート,
tools\scan_japanese.py,532,H,string,レポート,
tools\transition_audit.py,3,H,other,移行支援ツール 化 監査ツール,
tools\transition_audit.py,5,H,other,用途,
tools\transition_audit.py,6,H,other,の全構築箇所を ベースで検出,
tools\transition_audit.py,7,H,other,位置引数 キーワード引数の分類,argument
tools\transition_audit.py,8,H,other,化した際に になる箇所を事前に洗い出し,
tools\transition_audit.py,9,H,other,（任意） で位置引数をキーワード引数に自動変換,argument
tools\transition_audit.py,11,H,other,使い方,
tools\transition_audit.py,33,H,comment,仕様書準拠 のフィールド順,
tools\transition_audit.py,109,H,string,展開あり（手動確認推奨）,
tools\transition_audit.py,111,H,string,位置引数 個 化で,argument
tools\transition_audit.py,147,H,comment,ファイル走査,
tools\transition_audit.py,181,H,comment,位置引数 キーワード引数 変換,argument
tools\transition_audit.py,243,H,comment,レポート出力,
tools\transition_audit.py,254,H,string,構築箇所 監査レポート,
tools\transition_audit.py,256,H,string,スキャン対象ファイル数,
tools\transition_audit.py,257,H,string,検出数,
tools\transition_audit.py,258,H,string,修正必要（位置引数あり）,argument
tools\transition_audit.py,259,H,string,修正必要ファイル数,
tools\transition_audit.py,261,H,string,パースエラー,error
tools\transition_audit.py,266,H,string,要修正 位置引数で構築されている箇所,argument
tools\transition_audit.py,274,H,string,位置引数,argument
tools\transition_audit.py,288,H,string,既に のみで構築されている箇所,
tools\transition_audit.py,298,H,string,パースエラー,error
tools\transition_audit.py,306,H,string,位置引数構築はありません を 化できます,argument
tools\transition_audit.py,308,H,string,箇所を に変換してから 化してください,
tools\transition_audit.py,317,H,string,化 移行支援ツール 用,
tools\transition_audit.py,319,H,string,スキャンするルートディレクトリ,
tools\transition_audit.py,321,H,string,対象クラス名（デフォルト ）,
tools\transition_audit.py,323,H,string,フィールド順（カンマ区切り） 時に使用,
tools\transition_audit.py,324,H,string,問題なしの箇所も表示,
tools\transition_audit.py,325,H,string,レポート出力先,
tools\transition_audit.py,326,H,string,位置引数を に自動変換,argument
tools\transition_audit.py,327,H,string,時のドライラン,
tools\transition_audit.py,335,H,string,が存在しません,
tools\transition_audit.py,344,H,string,モード 適用,
tools\transition_audit.py,355,H,string,修正ファイル数,
tools\transition_audit.py,378,H,string,レポート,
tools\upgrade_specs.py,3,H,other,配下の を新形式に一括変換,
tools\upgrade_specs.py,5,H,other,動作,
tools\upgrade_specs.py,6,H,other,各 を で読込,
tools\upgrade_specs.py,7,H,other,で新形式として保存,
tools\upgrade_specs.py,8,H,other,元ファイルは として退避,
tools\upgrade_specs.py,10,H,other,使い方,
tools\upgrade_specs.py,11,H,comment,ドライラン（変更内容を確認のみ ファイル書き換えなし）,
tools\upgrade_specs.py,14,H,comment,本実行（バックアップ作成 書き換え）,execute
tools\upgrade_specs.py,17,H,comment,特定ファイルのみ,
tools\upgrade_specs.py,33,H,string,ファイルを新形式に変換,
tools\upgrade_specs.py,45,H,comment,読込,
tools\upgrade_specs.py,54,H,comment,ドライラン 一時ファイルに書き出して差分サイズのみ確認,
tools\upgrade_specs.py,69,H,string,変更内容を確認（ファイル未変更）,
tools\upgrade_specs.py,71,H,comment,本実行 バックアップ 上書き保存,execute
tools\upgrade_specs.py,84,H,string,バックアップ,
tools\upgrade_specs.py,96,H,string,配下の を新形式に変換,
tools\upgrade_specs.py,100,H,string,個別ファイル指定（複数可） 未指定なら すべて,
tools\upgrade_specs.py,102,H,string,ファイルを書き換えず サイズ差分のみ確認,
tools\upgrade_specs.py,111,H,string,対象 が見つかりません,
tools\upgrade_specs.py,114,H,string,対象 件,
tools\upgrade_specs.py,116,H,string,ドライラン ファイルは書き換えません,
tools\upgrade_specs.py,142,H,comment,サマリ,
tools\upgrade_specs.py,143,H,string,サマリ,
tools\upgrade_specs.py,159,H,string,ドライラン完了 件,completed
tools\upgrade_specs.py,161,H,string,変換完了 件 エラー 件,error / completed
tools\write_isr_test_xml.py,3,H,other,を に書き出すスクリプト,
tools\write_isr_test_xml.py,5,H,other,使い方,
tools\write_isr_test_xml.py,6,H,other,ドキュメント,
tools\write_isr_test_xml.py,14,H,comment,出力先（ と つ上の の両方に書く）,
tools\write_isr_test_xml.py,45,H,string,汎用カウンタ カウンタ,counter
tools\write_isr_test_xml.py,46,H,string,エラーコード エラーコード,error / error code
tools\write_isr_test_xml.py,47,H,string,リトライ回数 リトライ回数,retry
tools\write_isr_test_xml.py,48,H,string,準備完了 準備,completed / ready
tools\write_isr_test_xml.py,49,H,string,受信データ データ,
tools\write_isr_test_xml.py,50,H,string,タイマ基準 システムタイマ,timer / system
tools\write_isr_test_xml.py,51,H,string,派生タイマ タイマ,timer
tools\write_isr_test_xml.py,55,H,string,初期化完了 初期化完了,initialization / completed
tools\write_isr_test_xml.py,56,H,string,エラー発生 エラー,error
tools\write_isr_test_xml.py,60,H,string,周期タイマ タイマ 割り込み,interrupt / timer
tools\write_isr_test_xml.py,64,H,string,周期タイマ タイマ 割り込み,interrupt / timer
tools\write_isr_test_xml.py,70,H,string,受信割り込み 受信割り込み,interrupt
tools\write_isr_test_xml.py,76,H,string,割り込み 割り込み,interrupt
tools\write_isr_test_xml.py,81,H,string,ドライバ補助割り込み ドライバ補助割り込み,interrupt / driver
tools\write_isr_test_xml.py,90,H,string,システムタイマ基準,timer / system
tools\write_isr_test_xml.py,91,H,string,タイマ,timer
tools\write_isr_test_xml.py,103,H,string,ドライバ層,layer / driver
tools\write_isr_test_xml.py,105,H,string,待機,idle
tools\write_isr_test_xml.py,106,H,string,初期化中,initialization
tools\write_isr_test_xml.py,107,H,string,準備完了,completed / ready
tools\write_isr_test_xml.py,108,H,string,エラー,error
tools\write_isr_test_xml.py,111,H,string,初期化要求 初期化,initialization
tools\write_isr_test_xml.py,112,H,string,準備完了 準備完了,completed / ready
tools\write_isr_test_xml.py,113,H,string,失敗通知 失敗,failure
tools\write_isr_test_xml.py,114,H,string,リセット リセット,
tools\write_isr_test_xml.py,117,H,string,ドライバ初期化 ドライバ初期化,initialization / driver
tools\write_isr_test_xml.py,118,H,string,エラーログ エラーログ,error
tools\write_isr_test_xml.py,119,H,string,リセット処理 リセット処理,
tools\write_isr_test_xml.py,120,H,string,確認処理 確認（ 用）,
tools\write_isr_test_xml.py,123,H,string,初期化開始,initialization
tools\write_isr_test_xml.py,126,H,string,正常準備完了,completed / normal / ready
tools\write_isr_test_xml.py,127,H,string,異常準備完了,completed / abnormal / ready
tools\write_isr_test_xml.py,130,H,string,初期化失敗,initialization / failure
tools\write_isr_test_xml.py,133,H,string,実行時エラー,error / execute
tools\write_isr_test_xml.py,136,H,string,リセット,
tools\write_isr_test_xml.py,144,H,string,ミドルウェア層,layer / middleware
tools\write_isr_test_xml.py,146,H,string,待機,idle
tools\write_isr_test_xml.py,147,H,string,接続中,connection / connecting
tools\write_isr_test_xml.py,148,H,string,接続済,connection / connected
tools\write_isr_test_xml.py,149,H,string,エラー,error
tools\write_isr_test_xml.py,152,H,string,接続要求 接続,connection
tools\write_isr_test_xml.py,153,H,string,接続完了 接続完了,completed / connection
tools\write_isr_test_xml.py,154,H,string,エラー通知 エラー,error
tools\write_isr_test_xml.py,155,H,string,再試行 再試行,retry
tools\write_isr_test_xml.py,158,H,string,接続処理 接続処理,connection
tools\write_isr_test_xml.py,159,H,string,エラー処理 エラー処理,error
tools\write_isr_test_xml.py,160,H,string,再試行処理 再試行処理,retry
tools\write_isr_test_xml.py,163,H,string,接続開始,connection
tools\write_isr_test_xml.py,166,H,string,接続成功（リトライ少）,success / connection / retry
tools\write_isr_test_xml.py,167,H,string,接続失敗（リトライ超過）,failure / connection / retry / exceed
tools\write_isr_test_xml.py,170,H,string,接続エラー,error / connection
tools\write_isr_test_xml.py,173,H,string,切断エラー,error / disconnection
tools\write_isr_test_xml.py,176,H,string,再試行,retry
tools\write_isr_test_xml.py,184,H,string,アプリ層,layer / application
tools\write_isr_test_xml.py,186,H,string,起動,start
tools\write_isr_test_xml.py,187,H,string,初期化,initialization
tools\write_isr_test_xml.py,188,H,string,実行中,execute
tools\write_isr_test_xml.py,189,H,string,一時停止,stop / pause
tools\write_isr_test_xml.py,190,H,string,停止,stop
tools\write_isr_test_xml.py,193,H,string,起動 起動,start
tools\write_isr_test_xml.py,194,H,string,開始 開始,
tools\write_isr_test_xml.py,195,H,string,一時停止 一時停止,stop / pause
tools\write_isr_test_xml.py,196,H,string,再開 再開,resume
tools\write_isr_test_xml.py,197,H,string,停止 停止,stop
tools\write_isr_test_xml.py,200,H,string,アプリ起動 アプリ起動,start / application
tools\write_isr_test_xml.py,201,H,string,アプリ開始 アプリ開始,application
tools\write_isr_test_xml.py,202,H,string,一時停止処理 一時停止処理,stop / pause
tools\write_isr_test_xml.py,203,H,string,再開処理 再開処理,resume
tools\write_isr_test_xml.py,204,H,string,周期処理（ 用） 周期処理（ 用）,
tools\write_isr_test_xml.py,205,H,string,処理（ 用） 処理（ 用）,
tools\write_isr_test_xml.py,206,H,string,エラー処理（ 用） エラー処理（ 用）,error
tools\write_isr_test_xml.py,209,H,string,起動,start
tools\write_isr_test_xml.py,212,H,string,開始,
tools\write_isr_test_xml.py,215,H,string,カウンタ で一時停止,stop / counter / pause
tools\write_isr_test_xml.py,216,H,string,カウンタ は無視,counter / ignore
tools\write_isr_test_xml.py,217,H,string,再開,resume
tools\write_isr_test_xml.py,220,H,string,タイマ閾値超過で停止,stop / timer / threshold / exceed
tools\write_isr_test_xml.py,223,H,string,強制停止,stop / forced
tools\write_isr_test_xml.py,233,H,string,書き出し,
tools\write_isr_test_xml.py,235,H,string,コンテンツ長,
tools\write_isr_test_xml.py,236,H,string,条件付き遷移チェック,transition / condition
tools\write_isr_test_xml.py,258,H,string,書き込み成功,success
tools\write_isr_test_xml.py,260,H,string,書き込み失敗,failure
tools\write_isr_test_xml.py,263,H,string,書き込み先が つも成功しませんでした,success
tools\write_isr_test_xml.py,267,H,string,完了 を再起動して を読み込んでください,start / completed
tests\conftest.py,3,G,other,共通設定,settings
tests\conftest.py,5,G,other,テスト用,
tests\conftest.py,6,G,other,を モードで起動,start
tests\conftest.py,7,G,other,を環境変数で無効化,variable
tests\conftest.py,8,G,other,ランタイムをロードさせない,
tests\conftest.py,9,G,other,警告を根本から抑制,warning
tests\conftest.py,13,G,comment,環境変数は他の より前に設定する,settings / variable
tests\conftest.py,23,G,string,セッション終了時に のウィジェットをクリーンアップ,
tests\conftest.py,32,G,comment,セッション終了後,
tests\conftest.py,33,G,comment,は無効化されているため トップレベルウィジェットの,
tests\conftest.py,34,G,comment,解放とイベントループの処理だけで十分,event
tests\conftest.py,54,G,string,各テスト間で を実行し のリークを防ぐ,execute
tests\test_code_merger.py,3,G,other,のユニットテスト,
tests\test_code_merger.py,5,G,other,目的,
tests\test_code_merger.py,6,G,other,ユーザーコード保持の回帰防止,user
tests\test_code_merger.py,7,G,other,ファイル全体ユーザーコード（ マーカー）,marker / user
tests\test_code_merger.py,8,G,other,関数単位ユーザーコード（ ）,function / user
tests\test_code_merger.py,9,G,other,ファイル末尾ユーザーコード（ ）,user
tests\test_code_merger.py,10,G,other,の完全サイクル,
tests\test_code_merger.py,11,G,other,の複数ファイル処理,
tests\test_code_merger.py,13,G,other,対象,
tests\test_code_merger.py,24,G,comment,ヘルパー,
tests\test_code_merger.py,58,G,comment,ファイル全体ユーザーコード,user
tests\test_code_merger.py,95,G,comment,関数単位ユーザーコード,function / user
tests\test_code_merger.py,119,G,string,パターンも抽出できる,
tests\test_code_merger.py,144,G,comment,マーカーが無い場合は変更されない（新規挿入しない）,marker
tests\test_code_merger.py,155,G,comment,ファイル末尾ユーザーコード,user
tests\test_code_merger.py,184,G,comment,完全サイクル,
tests\test_code_merger.py,229,G,string,種類のユーザーコードが同時に保持される,user
tests\test_code_merger.py,263,G,comment,プレースホルダは残らない,
tests\test_code_merger.py,277,G,comment,既存ファイル配置,
tests\test_code_merger.py,298,G,comment,は既存なし そのまま,
tests\test_code_merger.py,302,G,string,使用時 生成キーと既存パスが異なる,
tests\test_code_merger.py,312,G,comment,生成キーは,
tests\test_code_merger.py,313,G,comment,実際の既存パスは,
tests\test_code_merger.py,323,G,comment,層サフィックスを付与,layer
tests\test_code_merger.py,339,G,comment,サマリー取得,
tests\test_code_merger.py,366,G,comment,エッジケース,
tests\test_code_merger.py,372,G,string,空のユーザーコードブロックは正常に処理される,user / normal
tests\test_c_code_generator.py,3,G,other,のユニットテスト,
tests\test_c_code_generator.py,5,G,other,目的,
tests\test_c_code_generator.py,6,G,other,コード生成統括クラスの回帰防止,
tests\test_c_code_generator.py,7,G,other,単層,layer
tests\test_c_code_generator.py,8,G,other,複数層 （ ）,layer
tests\test_c_code_generator.py,9,G,other,の層サフィックス付与（ ）,layer
tests\test_c_code_generator.py,10,G,other,の生成（ ）,
tests\test_c_code_generator.py,11,G,other,の層別展開,layer
tests\test_c_code_generator.py,12,G,other,出力パス解決,
tests\test_c_code_generator.py,13,G,other,保存（マージなし マージあり）,
tests\test_c_code_generator.py,15,G,other,対象,
tests\test_c_code_generator.py,32,G,comment,ヘルパー,
tests\test_c_code_generator.py,44,G,string,起動,start
tests\test_c_code_generator.py,55,G,string,カウンタ カウンタ,counter
tests\test_c_code_generator.py,58,G,string,初期化 初期化,initialization
tests\test_c_code_generator.py,74,G,comment,初期化,initialization
tests\test_c_code_generator.py,101,G,comment,単層,layer
tests\test_c_code_generator.py,119,G,comment,主要ファイル,
tests\test_c_code_generator.py,126,G,string,に共通型が含まれる,type
tests\test_c_code_generator.py,135,G,comment,共通型なので は含まれない（層固有側）,type / layer
tests\test_c_code_generator.py,139,G,string,（層固有）に が含まれる,layer
tests\test_c_code_generator.py,145,G,comment,のみ,
tests\test_c_code_generator.py,160,G,comment,複数層,layer
tests\test_c_code_generator.py,166,G,string,層固有ファイルに サフィックス,layer
tests\test_c_code_generator.py,177,G,comment,キーに が含まれる,
tests\test_c_code_generator.py,185,G,string,層固有 は のみ（共通型は含まない）,type / layer
tests\test_c_code_generator.py,193,G,comment,層固有,layer
tests\test_c_code_generator.py,197,G,comment,は含む,
tests\test_c_code_generator.py,199,G,comment,共通型は含まない,type
tests\test_c_code_generator.py,203,G,string,層固有 は を,layer
tests\test_c_code_generator.py,215,G,string,共通ファイルは層フォルダ外（ルート）,layer
tests\test_c_code_generator.py,229,G,string,層固有ヘッダの に層サフィックス,layer
tests\test_c_code_generator.py,238,G,comment,層サフィックス付き,layer
tests\test_c_code_generator.py,242,G,string,優先度昇順に処理される,priority
tests\test_c_code_generator.py,255,G,comment,スーパーループ内の順序で確認,
tests\test_c_code_generator.py,259,G,comment,（優先度 ）が （優先度 ）より前に,priority
tests\test_c_code_generator.py,277,G,comment,ルート直下,
tests\test_c_code_generator.py,287,G,comment,でも のキーは同じ（パス解決は保存時）,
tests\test_c_code_generator.py,293,G,comment,パス解決,
tests\test_c_code_generator.py,311,G,string,共通ファイル（ 外）は変更なし,
tests\test_c_code_generator.py,334,G,comment,フォルダに,
tests\test_c_code_generator.py,342,G,comment,既にパス形式なら変更なし,
tests\test_c_code_generator.py,347,G,comment,保存,
tests\test_c_code_generator.py,376,G,comment,層フォルダが作成される,layer
tests\test_c_code_generator.py,379,G,comment,共通ファイルはルート,
tests\test_c_code_generator.py,392,G,comment,事前に既存ファイルを配置（ユーザーコード入り）,user
tests\test_c_code_generator.py,407,G,comment,ユーザーコードが保持される,user
tests\test_c_code_generator.py,413,G,comment,（単一ファイル）,
tests\test_c_code_generator.py,437,G,comment,エッジケース,
tests\test_c_code_generator.py,448,G,comment,クラッシュしないこと,
tests\test_c_code_generator.py,483,G,other,優先度 が先,priority
tests\test_c_code_generator.py,507,G,string,未設定なら,settings
tests\test_enum_generator.py,3,G,other,のユニットテスト,
tests\test_enum_generator.py,5,G,other,目的,
tests\test_enum_generator.py,6,G,other,コード生成（ 部分）の回帰防止,
tests\test_enum_generator.py,7,G,other,状態 イベント フラグの 生成,state / event / flag
tests\test_enum_generator.py,8,G,other,層名プレフィックス（ 修正の回帰防止）,layer
tests\test_enum_generator.py,9,G,other,空名イベントの除外（ 修正の回帰防止）,event
tests\test_enum_generator.py,10,G,other,値（完了イベント）の自動挿入,event / completed
tests\test_enum_generator.py,12,G,other,対象,
tests\test_enum_generator.py,23,G,comment,ヘルパー,
tests\test_enum_generator.py,39,G,comment,状態,state
tests\test_enum_generator.py,58,G,comment,が含まれる,
tests\test_enum_generator.py,69,G,string,層名が 名にプレフィックスされる,layer
tests\test_enum_generator.py,78,G,string,層名なしの場合はプレフィックスなし,layer
tests\test_enum_generator.py,87,G,comment,イベント,event
tests\test_enum_generator.py,97,G,string,が必ず挿入される,
tests\test_enum_generator.py,105,G,other,修正 空名イベントは本処理から除外される,event
tests\test_enum_generator.py,106,G,other,（ と二重定義になるため）,definition
tests\test_enum_generator.py,111,G,comment,は 回だけ（ ）,
tests\test_enum_generator.py,130,G,comment,フラグ,flag
tests\test_enum_generator.py,147,G,string,フラグは層名プレフィックスなし（共通型）,flag / type / layer
tests\test_enum_generator.py,151,G,comment,フラグには層名が付かない,flag / layer
tests\test_enum_generator.py,183,G,comment,フラグなし,flag
tests\test_enum_generator.py,187,G,comment,ビットマスク,
tests\test_event_queue_generator.py,3,G,other,のユニットテスト,
tests\test_event_queue_generator.py,5,G,other,目的,
tests\test_event_queue_generator.py,6,G,other,イベントキュー生成の回帰防止,event / queue
tests\test_event_queue_generator.py,7,G,other,を含む,
tests\test_event_queue_generator.py,8,G,other,満杯チェック エンキュー,queue
tests\test_event_queue_generator.py,9,G,other,空チェック デキュー,queue
tests\test_event_queue_generator.py,10,G,other,種を連結,
tests\test_event_queue_generator.py,11,G,other,複数キュー対応,queue
tests\test_event_queue_generator.py,13,G,other,対象,
tests\test_event_queue_generator.py,23,G,comment,ヘルパー,
tests\test_event_queue_generator.py,28,G,string,メインキュー,queue
tests\test_event_queue_generator.py,55,G,comment,メンバ,
tests\test_event_queue_generator.py,65,G,comment,の実装次第だが 化,
tests\test_event_queue_generator.py,76,G,string,テストキュー,queue
tests\test_event_queue_generator.py,78,G,string,テストキュー,queue
tests\test_event_queue_generator.py,114,G,comment,満杯チェック,
tests\test_event_queue_generator.py,157,G,comment,ポインタ チェック,pointer
tests\test_event_queue_generator.py,159,G,comment,読み出し,
tests\test_event_queue_generator.py,187,G,comment,複数キュー,queue
tests\test_event_queue_generator.py,217,G,comment,全て含まれる,
tests\test_event_queue_generator.py,230,G,comment,エッジケース,
tests\test_event_queue_generator.py,248,G,string,名前空でもエラーにならない,error
tests\test_event_queue_generator.py,251,G,comment,クラッシュしないこと,
tests\test_gui_roundtrip.py,3,G,other,自動テスト（ ）,
tests\test_gui_roundtrip.py,5,G,other,を実際にインスタンス化し,
tests\test_gui_roundtrip.py,6,G,other,の一連の流れを自動実行して,execute
tests\test_gui_roundtrip.py,7,G,other,がどう変化するかを検証する,
tests\test_gui_roundtrip.py,9,G,other,での実行,execute
tests\test_gui_roundtrip.py,13,G,other,での実行,execute
tests\test_gui_roundtrip.py,17,G,comment,配下の全,
tests\test_gui_roundtrip.py,20,G,other,環境変数,variable
tests\test_gui_roundtrip.py,21,G,other,が自動設定される（ヘッドレス実行）,execute / settings
tests\test_gui_roundtrip.py,31,G,comment,を モードで起動（ 表示なし）,start
tests\test_gui_roundtrip.py,34,G,comment,プロジェクトルート解決（ から 階層上）,layer
tests\test_gui_roundtrip.py,42,G,comment,正規化（差分比較用）,
tests\test_gui_roundtrip.py,54,G,string,つの の差分を要約,
tests\test_gui_roundtrip.py,71,G,string,の差分を詳細分析,
tests\test_gui_roundtrip.py,110,G,comment,実行,execute
tests\test_gui_roundtrip.py,115,G,other,を 経由で する,
tests\test_gui_roundtrip.py,117,G,other,をモンキーパッチして 以下を自動実行,execute
tests\test_gui_roundtrip.py,118,G,other,インスタンス化,
tests\test_gui_roundtrip.py,119,G,other,自動補完,
tests\test_gui_roundtrip.py,132,G,comment,のインポートと 準備,ready
tests\test_gui_roundtrip.py,144,G,comment,のインポート,
tests\test_gui_roundtrip.py,153,G,comment,出力先一時ファイル,
tests\test_gui_roundtrip.py,164,G,comment,をモンキーパッチ,
tests\test_gui_roundtrip.py,180,G,comment,がブロックしないよう無効化,
tests\test_gui_roundtrip.py,195,G,comment,生成,
tests\test_gui_roundtrip.py,207,G,comment,比較,
tests\test_gui_roundtrip.py,219,G,string,経由でも完全一致,
tests\test_gui_roundtrip.py,232,G,string,経由で自動補完,
tests\test_gui_roundtrip.py,239,G,string,自動補完以外の差分あり 要調査,
tests\test_gui_roundtrip.py,249,G,comment,モンキーパッチを復元,
tests\test_gui_roundtrip.py,256,G,comment,を閉じる,
tests\test_gui_roundtrip.py,264,G,comment,一時ファイル削除,
tests\test_gui_roundtrip.py,271,G,comment,イベントループを 回まわしてクリーンアップ,event
tests\test_gui_roundtrip.py,281,G,comment,用テスト関数,function
tests\test_gui_roundtrip.py,285,G,string,配下の全,
tests\test_gui_roundtrip.py,289,G,comment,動的にテスト関数を生成（ の 相当）,function
tests\test_gui_roundtrip.py,290,G,comment,は 配下の の 関数を自動検出する,function
tests\test_gui_roundtrip.py,292,G,string,用の テスト関数を生成,function
tests\test_gui_roundtrip.py,295,G,comment,を許容,
tests\test_gui_roundtrip.py,305,G,comment,用 の が存在する場合のみテスト関数を登録,function
tests\test_gui_roundtrip.py,315,G,comment,レポート出力（ 用）,
tests\test_gui_roundtrip.py,319,G,string,自動テストレポート,
tests\test_gui_roundtrip.py,320,G,string,対象 件,
tests\test_gui_roundtrip.py,322,G,string,サマリ,
tests\test_gui_roundtrip.py,324,G,string,詳細,
tests\test_gui_roundtrip.py,340,G,string,差分,
tests\test_gui_roundtrip.py,361,G,string,詳細,
tests\test_gui_roundtrip.py,367,G,string,集計,
tests\test_gui_roundtrip.py,379,G,comment,メイン,
tests\test_gui_roundtrip.py,384,G,string,自動テスト（ ）,
tests\test_gui_roundtrip.py,387,G,string,テスト対象 （複数指定可）,
tests\test_gui_roundtrip.py,389,G,string,配下の全 をテスト,
tests\test_gui_roundtrip.py,391,G,string,レポート出力先,
tests\test_gui_roundtrip.py,402,G,string,テスト対象が見つかりません,
tests\test_gui_roundtrip.py,405,G,string,テスト 件,
tests\test_gui_roundtrip.py,422,G,string,レポート出力,
tests\test_interrupt_generator.py,3,G,other,のユニットテスト,
tests\test_interrupt_generator.py,5,G,other,目的,
tests\test_interrupt_generator.py,6,G,other,生成の回帰防止,
tests\test_interrupt_generator.py,7,G,other,アクション解析（ そのまま）,action
tests\test_interrupt_generator.py,8,G,other,使用ロール関数・変数の自動抽出,role function / variable / function
tests\test_interrupt_generator.py,9,G,other,関数の完全生成,function
tests\test_interrupt_generator.py,10,G,other,層名による名前空間変換,namespace / layer
tests\test_interrupt_generator.py,11,G,other,マーカー名生成,marker
tests\test_interrupt_generator.py,13,G,other,対象,
tests\test_interrupt_generator.py,23,G,comment,ヘルパー,
tests\test_interrupt_generator.py,35,G,comment,名前生成,
tests\test_interrupt_generator.py,48,G,comment,変換でアンダースコアが除去される想定,
tests\test_interrupt_generator.py,59,G,comment,アクション解析,action
tests\test_interrupt_generator.py,86,G,string,層なし,layer
tests\test_interrupt_generator.py,92,G,string,キーワードはそのまま,
tests\test_interrupt_generator.py,99,G,string,既に で始まる場合はそのまま,
tests\test_interrupt_generator.py,105,G,string,その他の 文はそのまま,
tests\test_interrupt_generator.py,123,G,comment,アクション 条件,condition / action
tests\test_interrupt_generator.py,144,G,comment,使用シンボル抽出,
tests\test_interrupt_generator.py,198,G,comment,完全生成,
tests\test_interrupt_generator.py,252,G,comment,空ハンドラ,
tests\test_interrupt_generator.py,259,G,other,アクションが空の場合の 生成,action
tests\test_interrupt_generator.py,261,G,other,実装仕様,
tests\test_interrupt_generator.py,262,G,other,が空なら は空リストを返す,
tests\test_interrupt_generator.py,263,G,other,アクション部分はセクションごと出力されない,action
tests\test_interrupt_generator.py,264,G,other,アクション未定義 コメントは が非空だが,definition / action
tests\test_interrupt_generator.py,265,G,other,全アクションがパース失敗した場合にのみ出力される,failure / action
tests\test_interrupt_generator.py,270,G,comment,基本構造は生成される,
tests\test_interrupt_generator.py,273,G,comment,アクションが空 アクションセクションが出力されない,action
tests\test_interrupt_generator.py,274,G,string,アクション（自動生成）,action
tests\test_interrupt_generator.py,275,G,comment,ユーザーマーカーは存在する,marker / user
tests\test_interrupt_generator.py,280,G,other,が非空だが全て無効（空文字）な場合,
tests\test_interrupt_generator.py,281,G,other,（アクション未定義） コメントが出力される,definition / action
tests\test_interrupt_generator.py,285,G,other,空 パース結果空,
tests\test_interrupt_generator.py,288,G,comment,アクションセクション自体は出力される（ が非空のため）,action
tests\test_interrupt_generator.py,289,G,string,アクション（自動生成）,action
tests\test_interrupt_generator.py,290,G,comment,有効なアクションが つもないので未定義コメント,definition / action
tests\test_interrupt_generator.py,291,G,string,アクション未定義,definition / action
tests\test_mermaid_gen.py,3,G,other,のユニットテスト,
tests\test_mermaid_gen.py,5,G,other,目的,
tests\test_mermaid_gen.py,6,G,other,ラベルサニタイズの回帰防止,
tests\test_mermaid_gen.py,7,G,other,タイトル イベント名 条件式に含まれる特殊文字でパースエラーが出ないこと,event / error / title / condition
tests\test_mermaid_gen.py,9,G,other,背景,
tests\test_mermaid_gen.py,10,G,string,で のようにタイトルに が,title
tests\test_mermaid_gen.py,11,G,other,含まれると がパースエラーを起こす問題を修正,error
tests\test_mermaid_gen.py,12,G,other,で全角に置換して回避,
tests\test_mermaid_gen.py,22,G,comment,ヘルパー,
tests\test_mermaid_gen.py,28,G,other,遷移を持つ を構築,transition
tests\test_mermaid_gen.py,30,G,other,修正 イベントを に事前登録する,event
tests\test_mermaid_gen.py,31,G,other,（ は が登録済みであることを要求）,
tests\test_mermaid_gen.py,50,G,string,特定の遷移行を抽出,transition
tests\test_mermaid_gen.py,58,G,comment,のユニットテスト（全て 済）,
tests\test_mermaid_gen.py,64,G,string,コロンが全角に置換される,
tests\test_mermaid_gen.py,65,G,string,：,
tests\test_mermaid_gen.py,68,G,string,角括弧が全角に置換される,
tests\test_mermaid_gen.py,69,G,string,［,
tests\test_mermaid_gen.py,70,G,string,］,
tests\test_mermaid_gen.py,73,G,string,ダブルクォートがシングルに置換される,
tests\test_mermaid_gen.py,77,G,string,改行が空白に置換される,
tests\test_mermaid_gen.py,81,G,string,空文字列はそのまま空,
tests\test_mermaid_gen.py,85,G,string,を渡してもエラーにならない,error
tests\test_mermaid_gen.py,89,G,string,連続空白が つに正規化される,
tests\test_mermaid_gen.py,94,G,comment,の統合テスト（修正済）,
tests\test_mermaid_gen.py,100,G,string,基本構造が出力される,
tests\test_mermaid_gen.py,101,G,string,起動,start
tests\test_mermaid_gen.py,108,G,string,タイトル内の がパースエラーを起こさない（本件の再発防止）,error / title
tests\test_mermaid_gen.py,115,G,comment,区切りの は 個のみ（タイトル内は全角に置換済）,title
tests\test_mermaid_gen.py,117,G,string,：,
tests\test_mermaid_gen.py,120,G,string,タイトル内の が全角に置換される,title
tests\test_mermaid_gen.py,124,G,comment,全角化された が含まれること,
tests\test_mermaid_gen.py,125,G,string,［ ］,
tests\test_mermaid_gen.py,128,G,string,条件式内の特殊文字も安全化される,condition
tests\test_mermaid_gen.py,130,G,string,判定,
tests\test_mermaid_gen.py,135,G,comment,条件内の は全角化 区切り は 個のみ,condition
tests\test_mermaid_gen.py,139,G,string,長い条件は短縮される,condition
tests\test_mermaid_gen.py,146,G,string,タイトルなしの遷移は を表示,transition / title
tests\test_mermaid_gen.py,154,G,comment,名 がラベルに含まれる,
tests\test_mermaid_gen.py,158,G,string,が設定されていれば 行が出る,settings
tests\test_mermaid_gen.py,166,G,string,なし で出力,
tests\test_mermaid_gen.py,171,G,string,内部処理,
tests\test_mermaid_gen.py,178,G,string,すべての特殊文字を含むタイトルでもエラーにならない,error / title
tests\test_mermaid_gen.py,184,G,comment,ラベル内の が区切りと誤認されないこと,
tests\test_role_function_generator.py,3,G,other,のユニットテスト,
tests\test_role_function_generator.py,5,G,other,目的,
tests\test_role_function_generator.py,6,G,other,ロール関数生成の回帰防止,role function / function
tests\test_role_function_generator.py,7,G,other,命名規則（ ）,
tests\test_role_function_generator.py,8,G,other,参照正規化（ 識別子検証）,
tests\test_role_function_generator.py,9,G,other,条件式からの関数抽出,condition / function
tests\test_role_function_generator.py,10,G,other,呼び出しサイト収集（ ）,
tests\test_role_function_generator.py,11,G,other,層フィルタ（ ）,layer
tests\test_role_function_generator.py,12,G,other,宣言生成 実装生成,
tests\test_role_function_generator.py,13,G,other,一括生成,
tests\test_role_function_generator.py,14,G,other,マーカー名生成,marker
tests\test_role_function_generator.py,15,G,other,ガード,guard
tests\test_role_function_generator.py,17,G,other,対象,
tests\test_role_function_generator.py,32,G,comment,ヘルパー,
tests\test_role_function_generator.py,61,G,comment,命名規則,
tests\test_role_function_generator.py,78,G,string,未設定時は を採用,settings
tests\test_role_function_generator.py,129,G,comment,参照正規化（ 識別子検証）,
tests\test_role_function_generator.py,161,G,comment,識別子検証,
tests\test_role_function_generator.py,163,G,string,演算子混入を拒否,
tests\test_role_function_generator.py,193,G,comment,条件式からの関数抽出,condition / function
tests\test_role_function_generator.py,216,G,string,予約語は抽出されない,
tests\test_role_function_generator.py,222,G,string,式中の 識別子を検出,
tests\test_role_function_generator.py,240,G,comment,呼び出しサイト収集,
tests\test_role_function_generator.py,297,G,string,不正な識別子（ ）は収集されない,
tests\test_role_function_generator.py,312,G,comment,呼び出しサイト取得,
tests\test_role_function_generator.py,333,G,comment,層フィルタ,layer
tests\test_role_function_generator.py,339,G,string,自層の関数は出力,function / layer
tests\test_role_function_generator.py,346,G,string,他層の関数で呼び出し元なし スキップ,function / layer
tests\test_role_function_generator.py,353,G,string,他層の関数でも呼び出し元あり 出力,function / layer
tests\test_role_function_generator.py,364,G,string,なしの呼び出しでマッチ,
tests\test_role_function_generator.py,375,G,comment,宣言生成,
tests\test_role_function_generator.py,383,G,string,初期化 テスト,initialization
tests\test_role_function_generator.py,402,G,comment,は がある場合のみ,
tests\test_role_function_generator.py,407,G,comment,実装生成,
tests\test_role_function_generator.py,415,G,string,初期化,initialization
tests\test_role_function_generator.py,422,G,string,ガード生成,guard
tests\test_role_function_generator.py,449,G,comment,呼び出し元なしの場合も は生成される（ ）,
tests\test_role_function_generator.py,453,G,string,なしなら が出力される,
tests\test_role_function_generator.py,461,G,comment,一括生成,
tests\test_role_function_generator.py,480,G,other,重複,
tests\test_role_function_generator.py,483,G,comment,回だけ出力される,
tests\test_role_function_generator.py,487,G,string,層フィルタが効いている,layer
tests\test_role_function_generator.py,491,G,other,自層,layer
tests\test_role_function_generator.py,492,G,other,他層 スキップ,layer
tests\test_role_function_generator.py,505,G,comment,含む,
tests\test_role_function_generator.py,510,G,other,空リストの場合,
tests\test_role_function_generator.py,511,G,other,宣言 空文字列,
tests\test_role_function_generator.py,512,G,other,実装 末尾ユーザー領域のみ（関数 件でもマーカーは出力）,function / marker / user
tests\test_role_function_generator.py,517,G,comment,実装は末尾ユーザー領域を必ず出力（ユーザー追加コード保持のため）,user
tests\test_role_function_generator.py,521,G,comment,関数本体は含まれない,function
tests\test_role_function_generator.py,554,G,comment,エッジケース,
tests\test_role_function_generator.py,560,G,string,が空の関数はスキップされる（ ）,function
tests\test_role_function_generator.py,564,G,comment,空名はスキップ,
tests\test_role_function_generator.py,568,G,string,同じ の重複は つに,
tests\test_state_machine.py,3,G,other,のユニットテスト,
tests\test_state_machine.py,5,G,other,目的,
tests\test_state_machine.py,6,G,other,コアロジックの回帰防止,
tests\test_state_machine.py,7,G,other,状態 イベント 遷移 ロール関数の追加・削除,state / event / transition / role function / function
tests\test_state_machine.py,8,G,other,整合性チェック（未定義参照の拒否）,definition
tests\test_state_machine.py,9,G,other,遷移削除の連鎖（ で関連遷移も削除）,transition
tests\test_state_machine.py,10,G,other,セル単位 イベント単位の遷移取得,event / transition
tests\test_state_machine.py,11,G,other,の値等価性（ ）,
tests\test_state_machine.py,13,G,other,対象,
tests\test_state_machine.py,23,G,comment,ヘルパー,
tests\test_state_machine.py,27,G,string,状態 イベント 遷移,state / event / transition
tests\test_state_machine.py,37,G,comment,状態,state
tests\test_state_machine.py,62,G,comment,イベント,event
tests\test_state_machine.py,85,G,string,存在しないイベントの削除は無視される（例外なし）,event / ignore
tests\test_state_machine.py,87,G,other,例外が出ないこと,
tests\test_state_machine.py,91,G,string,イベント削除で関連遷移も削除される,event / transition
tests\test_state_machine.py,109,G,comment,遷移,transition
tests\test_state_machine.py,140,G,string,が空（内部遷移）でも登録可能,transition
tests\test_state_machine.py,148,G,string,が空（完了遷移）でも登録可能,transition / completed
tests\test_state_machine.py,163,G,other,値が異なる遷移を渡しても 何も削除されない,transition
tests\test_state_machine.py,165,G,other,注 は のため,
tests\test_state_machine.py,166,G,other,値が等しい つのインスタンスは で等価と見なされる,
tests\test_state_machine.py,167,G,other,よって 存在しない を検証するには,
tests\test_state_machine.py,168,G,other,値が異なる遷移を渡す必要がある,transition
tests\test_state_machine.py,171,G,comment,値が異なる遷移（ が違う）,transition
tests\test_state_machine.py,173,G,other,例外なし,
tests\test_state_machine.py,178,G,other,値が等しい遷移を渡すと 既存の遷移が削除される,transition
tests\test_state_machine.py,180,G,other,（ の意図的な動作）,
tests\test_state_machine.py,183,G,comment,値が同じ別インスタンス,
tests\test_state_machine.py,189,G,string,同じセルに複数遷移を登録可能（条件分岐）,transition / condition
tests\test_state_machine.py,203,G,comment,初期状態,state
tests\test_state_machine.py,225,G,comment,ロール関数,role function / function
tests\test_state_machine.py,257,G,other,例外なし,
tests\test_state_machine.py,261,G,comment,セル単位 イベント単位の遷移取得,event / transition
tests\test_state_machine.py,279,G,string,同セルに複数遷移,transition
tests\test_state_machine.py,293,G,string,イベント単位の取得（複数 にまたがる）,event
tests\test_state_machine.py,312,G,comment,レイヤ設定（属性）,settings / layer
tests\test_state_machine.py,326,G,string,ドライバ層,layer / driver
tests\test_state_machine.py,329,G,string,ドライバ層,layer / driver
tests\test_state_machine.py,334,G,comment,統合シナリオ,
tests\test_state_machine.py,340,G,string,状態 イベント 遷移 初期状態 ロール関数の一連,state / event / transition / role function / function
tests\test_state_machine.py,356,G,string,イベント削除 関連遷移すべて削除,event / transition
tests\test_struct_generator.py,3,G,other,のユニットテスト,
tests\test_struct_generator.py,5,G,other,目的,
tests\test_struct_generator.py,6,G,other,コード生成（ 部分）の回帰防止,
tests\test_struct_generator.py,7,G,other,の生成,
tests\test_struct_generator.py,8,G,other,の追加（ ）,
tests\test_struct_generator.py,9,G,other,共通 と層別 の分離,layer
tests\test_struct_generator.py,10,G,other,マクロ（ ）,
tests\test_struct_generator.py,11,G,other,カスタム型 ビットフィールド 配列メンバー,type
tests\test_struct_generator.py,13,G,other,対象,
tests\test_struct_generator.py,26,G,comment,ヘルパー,
tests\test_struct_generator.py,56,G,string,カウンタ,counter
tests\test_struct_generator.py,110,G,string,が追加される,
tests\test_struct_generator.py,127,G,comment,共通,
tests\test_struct_generator.py,142,G,comment,層別,layer
tests\test_struct_generator.py,163,G,comment,マクロ,
tests\test_struct_generator.py,184,G,comment,カスタム型,type
tests\test_struct_generator.py,194,G,comment,の実装により などになる想定,
tests\test_struct_generator.py,252,G,comment,形式,
tests\test_struct_generator.py,277,G,comment,後方互換,
tests\test_timer_generator.py,3,G,other,のユニットテスト,
tests\test_timer_generator.py,5,G,other,目的,
tests\test_timer_generator.py,6,G,other,タイマ生成ロジックの回帰防止,timer
tests\test_timer_generator.py,7,G,other,以降は空を返す（ 廃止）,
tests\test_timer_generator.py,8,G,other,の生成,
tests\test_timer_generator.py,9,G,other,派生タイマ計算,timer
tests\test_timer_generator.py,10,G,other,チェック,
tests\test_timer_generator.py,11,G,other,の取り扱い,
tests\test_timer_generator.py,13,G,other,対象,
tests\test_timer_generator.py,25,G,comment,ヘルパー,
tests\test_timer_generator.py,29,G,string,基本タイマ（ ）を持つ,timer
tests\test_timer_generator.py,40,G,string,基本 派生タイマ（ ）,timer
tests\test_timer_generator.py,52,G,comment,（ 空を返す）,
tests\test_timer_generator.py,58,G,string,廃止 空文字を返す,
tests\test_timer_generator.py,70,G,comment,タイマ一覧取得,timer
tests\test_timer_generator.py,149,G,string,派生タイマ,timer
tests\test_timer_generator.py,158,G,string,派生なしの場合は計算行が出力されない,
tests\test_timer_generator.py,162,G,comment,基本構造のみ（計算行なし）,
tests\test_timer_generator.py,192,G,comment,は空なので含まれない,
tests\test_timer_generator.py,194,G,comment,は含まれる,
tests\test_timer_generator.py,200,G,comment,エッジケース,
tests\test_timer_generator.py,206,G,string,空の でもエラーにならない,error
tests\test_timer_generator.py,219,G,string,の場合は除算を出力しない（ゼロ除算回避）,
tests\test_timer_generator.py,229,G,comment,の除算行は出力されない,
tests\test_transition_generator.py,3,G,other,のユニットテスト,
tests\test_transition_generator.py,5,G,other,目的,
tests\test_transition_generator.py,6,G,other,遷移生成ロジックの回帰防止,transition
tests\test_transition_generator.py,7,G,other,セル単位の遷移関数（前方宣言 実装）,transition / function
tests\test_transition_generator.py,8,G,other,遷移テーブル（ ）,transition
tests\test_transition_generator.py,9,G,other,関数ディクショナリ,function
tests\test_transition_generator.py,10,G,other,関数,function
tests\test_transition_generator.py,11,G,other,関数,function
tests\test_transition_generator.py,12,G,other,層名プレフィックス命名規則,layer
tests\test_transition_generator.py,13,G,other,短縮セル関数名（ ）,function
tests\test_transition_generator.py,15,G,other,対象,
tests\test_transition_generator.py,26,G,comment,ヘルパー,
tests\test_transition_generator.py,30,G,string,基本構造の を生成,
tests\test_transition_generator.py,39,G,string,起動,start
tests\test_transition_generator.py,41,G,string,停止,stop
tests\test_transition_generator.py,46,G,comment,命名規則,
tests\test_transition_generator.py,98,G,comment,セル単位の遷移関数,transition / function
tests\test_transition_generator.py,113,G,comment,などが生成される,
tests\test_transition_generator.py,143,G,comment,が含まれる,
tests\test_transition_generator.py,148,G,comment,遷移テーブル,transition
tests\test_transition_generator.py,179,G,comment,未実装の でも にフォールバック,
tests\test_transition_generator.py,193,G,comment,関数ディクショナリ,function
tests\test_transition_generator.py,217,G,comment,関数,function
tests\test_transition_generator.py,251,G,comment,関数,function
tests\test_transition_generator.py,274,G,comment,形式,
tests\test_transition_generator.py,300,G,comment,後方互換,
tests\test_transition_generator.py,309,G,comment,前方宣言 テーブル 実装 が含まれる,
tests\test_transition_generator.py,316,G,comment,エッジケース,
tests\test_transition_generator.py,325,G,comment,空でも例外が出ない,
tests\test_transition_generator.py,334,G,string,内部,
tests\test_transition_generator.py,337,G,comment,なしでも生成される,
tests\test_variable_generator.py,3,G,other,のユニットテスト,
tests\test_variable_generator.py,5,G,other,目的,
tests\test_variable_generator.py,6,G,other,コード生成（変数マクロ・初期化関数）の回帰防止,initialization / variable / function
tests\test_variable_generator.py,7,G,other,（フィールド名 ）,
tests\test_variable_generator.py,8,G,other,カスタム型の 初期化（ 修正）,initialization / type
tests\test_variable_generator.py,9,G,other,配列変数の 初期化,initialization / variable
tests\test_variable_generator.py,10,G,other,フラグアクセスマクロ,flag
tests\test_variable_generator.py,11,G,other,関数の構造,function
tests\test_variable_generator.py,13,G,other,対象,
tests\test_variable_generator.py,25,G,comment,ヘルパー,
tests\test_variable_generator.py,38,G,comment,データアクセスマクロ（ 修正の回帰防止）,
tests\test_variable_generator.py,44,G,string,マクロ名は,
tests\test_variable_generator.py,52,G,other,修正 フィールド名は のまま,
tests\test_variable_generator.py,53,G,other,（旧バグ ）,
tests\test_variable_generator.py,62,G,string,キャメルケースの変数 マクロ フィールドは,variable
tests\test_variable_generator.py,67,G,comment,の実装次第だが フィールドは 系,
tests\test_variable_generator.py,127,G,comment,初期化コード生成,initialization
tests\test_variable_generator.py,140,G,string,修正 カスタム型は で初期化,initialization / type
tests\test_variable_generator.py,169,G,comment,関数,function
tests\test_variable_generator.py,178,G,comment,が含まれる,
tests\test_variable_generator.py,180,G,other,チェック,
tests\test_variable_generator.py,181,G,other,初期化,initialization
tests\test_variable_generator.py,200,G,string,の初期化,initialization
tests\test_variable_generator.py,209,G,comment,形式,
tests\test_variable_generator.py,229,G,comment,後方互換,
tests\test_xml_io.py,3,G,other,のユニットテスト,
tests\test_xml_io.py,5,G,other,目的,
tests\test_xml_io.py,6,G,other,保存 読込のエッジケースと回帰防止,
tests\test_xml_io.py,7,G,other,空プロジェクトの,
tests\test_xml_io.py,8,G,other,特殊文字 を含む文字列の,
tests\test_xml_io.py,9,G,other,レガシー （ 未設定）の自動移行,settings
tests\test_xml_io.py,10,G,other,の 文字分解救済,
tests\test_xml_io.py,11,G,other,共有ライブラリ（ ）の,
tests\test_xml_io.py,12,G,other,プロジェクト設定（ ）の,settings
tests\test_xml_io.py,13,G,other,グローバル定義（変数・フラグ・割り込み・タイマ）の,definition / variable / flag / interrupt / timer
tests\test_xml_io.py,15,G,other,対象,
tests\test_xml_io.py,35,G,comment,ヘルパー,
tests\test_xml_io.py,40,G,string,保存 読込の往復,
tests\test_xml_io.py,53,G,string,ファイルを正規化して比較しやすくする,
tests\test_xml_io.py,80,G,string,文字ずつに分解された旧データを結合,
tests\test_xml_io.py,92,G,comment,空プロジェクトの,
tests\test_xml_io.py,98,G,string,状態・イベント・遷移なしの が往復する,state / event / transition
tests\test_xml_io.py,113,G,comment,特殊文字 の,
tests\test_xml_io.py,120,G,string,待機,idle
tests\test_xml_io.py,121,G,string,動作中,running
tests\test_xml_io.py,127,G,string,待機 動作中,idle / running
tests\test_xml_io.py,130,G,string,タイトル内の が で保持される,title
tests\test_xml_io.py,147,G,string,を含む文字列が エスケープで保持される,
tests\test_xml_io.py,154,G,string,同時,
tests\test_xml_io.py,160,G,string,同時,
tests\test_xml_io.py,164,G,comment,レガシー 自動移行,
tests\test_xml_io.py,171,G,string,未設定,settings
tests\test_xml_io.py,173,G,comment,レガシー を直接生成,
tests\test_xml_io.py,182,G,string,初期化,initialization
tests\test_xml_io.py,200,G,string,移行後の再保存 再読込で安定（冪等）,
tests\test_xml_io.py,209,G,string,初期化,initialization
tests\test_xml_io.py,219,G,comment,回目の読込,
tests\test_xml_io.py,222,G,comment,新形式で保存,
tests\test_xml_io.py,226,G,comment,回目の読込（冪等性確認）,
tests\test_xml_io.py,234,G,comment,プロジェクト設定の,settings
tests\test_xml_io.py,284,G,comment,グローバル定義の,definition
tests\test_xml_io.py,294,G,string,カウンタ カウンタ,counter
tests\test_xml_io.py,298,G,string,データ,
tests\test_xml_io.py,310,G,string,初期化 初期化,initialization
tests\test_xml_io.py,321,G,string,タイマ割り込み,interrupt / timer
tests\test_xml_io.py,325,G,string,タイマ,timer
tests\test_xml_io.py,337,G,comment,複数タブの,
tests\test_xml_io.py,343,G,string,層（ ）,layer
tests\test_xml_io.py,365,G,string,ドライバ層,layer / driver
tests\test_xml_io.py,372,G,string,ドライバ層,layer / driver
tests\test_xml_io.py,376,G,comment,遷移のプリ エルスアクション,transition / action
tests\timer_generator.py,3,G,other,タイマ変数生成モジュール（完全データ駆動版）,variable / timer
tests\timer_generator.py,5,G,other,修正,
tests\timer_generator.py,6,G,other,を廃止,
tests\timer_generator.py,7,G,other,タイマ変数は 内に 経由で,variable / timer
tests\timer_generator.py,8,G,other,既に展開されているため 未使用の を出力しない,
tests\timer_generator.py,33,G,string,タイマ変数生成クラス（完全データ駆動）,variable / timer
tests\timer_generator.py,117,G,string,タイマ変数構造体 システム全体で使用するタイマ変数を管理,variable / timer / system
tests\timer_generator.py,149,G,string,タイマ変数初期化,initialization / variable / timer
tests\timer_generator.py,150,G,string,システムコンテキストポインタ,system / context / pointer
tests\timer_generator.py,204,G,string,タイマ更新処理,timer
tests\timer_generator.py,205,G,string,システムコンテキストポインタ,system / context / pointer
tests\timer_generator.py,232,G,other,タイマ変数構造体生成,variable / timer
tests\timer_generator.py,234,G,other,変更,
tests\timer_generator.py,235,G,other,タイマ変数は 内に既に展開されており,variable / timer
tests\timer_generator.py,236,G,other,は使用されていなかった（ ）,
tests\timer_generator.py,237,G,other,後方互換のため関数自体は残すが 空文字列を返すように変更,function
